Mes/Año;N° Día;Fecha;Hábil/No Hábil;TIPO DIA;AUTO+GUMAs;DEMANDA DISTRIBUIDOR;TEMPERATURA MEDIA GBA °C;ALIMENTACIÓN. COMERCIOS Y SERVICIOS;INDUSTRIAS
ene-22;1;1/1/2022;No Hábil;Sábado;1284.3;15203.9;24.0;243.7;672.5
ene-22;2;2/1/2022;No Hábil;Domingo;1592.1;15278.7;26.5;279.1;957.9
ene-22;3;3/1/2022;Hábil;Lunes;1891.1;19255.3;29.3;368.9;1154.0
ene-22;4;4/1/2022;Hábil;Martes;1895.2;18041.0;27.1;394.3;1148.5
ene-22;5;5/1/2022;Hábil;Miércoles;1902.7;15748.8;21.5;379.5;1179.3
ene-22;6;6/1/2022;Hábil;Jueves;1843.6;15506.8;23.1;372.1;1137.6
ene-22;7;7/1/2022;Hábil;Viernes;1891.3;16330.1;24.8;376.0;1159.0
ene-22;8;8/1/2022;No Hábil;Sábado;1826.0;15980.4;25.7;345.7;1124.4
ene-22;9;9/1/2022;No Hábil;Domingo;1694.2;16018.7;26.3;311.5;1041.5
ene-22;10;10/1/2022;Hábil;Lunes;1879.0;19785.6;28.2;383.8;1141.4
ene-22;11;11/1/2022;Hábil;Martes;1906.7;21055.6;30.9;396.7;1175.6
ene-22;12;12/1/2022;Hábil;Miércoles;2005.6;20453.6;27.0;394.0;1243.4
ene-22;13;13/1/2022;Hábil;Jueves;1952.9;20991.6;29.2;407.6;1205.7
ene-22;14;14/1/2022;Hábil;Viernes;1941.5;21838.8;32.1;402.6;1201.9
ene-22;15;15/1/2022;No Hábil;Sábado;1898.4;21170.6;31.8;384.8;1171.3
ene-22;16;16/1/2022;No Hábil;Domingo;1760.4;18098.8;26.6;334.7;1082.5
ene-22;17;17/1/2022;Hábil;Lunes;1913.1;17003.1;23.3;381.4;1191.2
ene-22;18;18/1/2022;Hábil;Martes;2002.7;15112.2;23.0;400.1;1224.7
ene-22;19;19/1/2022;Hábil;Miércoles;2030.2;15073.8;23.8;403.3;1234.6
ene-22;20;20/1/2022;Hábil;Jueves;1970.0;16788.3;25.7;415.7;1212.5
ene-22;21;21/1/2022;Hábil;Viernes;2015.6;18212.3;26.1;418.1;1252.7
ene-22;22;22/1/2022;No Hábil;Sábado;1946.7;16304.4;23.4;376.9;1213.4
ene-22;23;23/1/2022;No Hábil;Domingo;1740.8;14425.6;23.6;329.2;1056.2
ene-22;24;24/1/2022;Hábil;Lunes;1956.1;16942.3;25.9;408.1;1191.5
ene-22;25;25/1/2022;Hábil;Martes;2022.1;18229.4;26.3;436.1;1235.5
ene-22;26;26/1/2022;Hábil;Miércoles;2005.8;16539.0;23.9;425.7;1202.2
ene-22;27;27/1/2022;Hábil;Jueves;1974.2;13660.4;19.0;403.5;1205.1
ene-22;28;28/1/2022;Hábil;Viernes;1982.2;13727.5;20.7;413.4;1200.6
ene-22;29;29/1/2022;No Hábil;Sábado;1925.4;13875.2;23.6;389.5;1191.5
ene-22;30;30/1/2022;No Hábil;Domingo;1733.6;13916.5;25.3;339.1;1057.8
ene-22;31;31/1/2022;Hábil;Lunes;1951.0;15394.9;22.4;402.4;1201.9
feb-22;1;1/2/2022;Hábil;Martes;2022.8;16333.4;22.7;426.9;1232.7
feb-22;2;2/2/2022;Hábil;Miércoles;2037.0;17961.4;26.6;434.2;1226.7
feb-22;3;3/2/2022;Hábil;Jueves;2015.1;16702.2;23.2;429.5;1196.4
feb-22;4;4/2/2022;Hábil;Viernes;2031.1;15684.7;23.4;434.3;1196.2
feb-22;5;5/2/2022;No Hábil;Sábado;1944.7;13233.5;19.6;385.8;1166.7
feb-22;6;6/2/2022;No Hábil;Domingo;1755.4;11151.2;17.8;337.9;1029.4
feb-22;7;7/2/2022;Hábil;Lunes;2024.1;13212.7;19.7;401.2;1204.6
feb-22;8;8/2/2022;Hábil;Martes;2095.0;14222.6;20.8;431.4;1237.4
feb-22;9;9/2/2022;Hábil;Miércoles;2102.2;15268.7;22.6;436.2;1241.1
feb-22;10;10/2/2022;Hábil;Jueves;2093.3;16292.6;24.7;441.4;1247.4
feb-22;11;11/2/2022;Hábil;Viernes;2075.1;15287.9;22.1;430.9;1249.3
feb-22;12;12/2/2022;No Hábil;Sábado;1973.6;12245.5;17.6;379.0;1191.6
feb-22;13;13/2/2022;No Hábil;Domingo;1821.3;11330.7;18.9;343.1;1069.7
feb-22;14;14/2/2022;Hábil;Lunes;2009.8;14370.2;23.5;419.2;1182.4
feb-22;15;15/2/2022;Hábil;Martes;2098.2;16655.7;26.0;441.2;1243.7
feb-22;16;16/2/2022;Hábil;Miércoles;2144.0;18387.3;27.7;443.6;1275.1
feb-22;17;17/2/2022;Hábil;Jueves;2125.4;16053.5;20.9;426.4;1275.0
feb-22;18;18/2/2022;Hábil;Viernes;2150.7;15697.1;20.9;429.9;1291.3
feb-22;19;19/2/2022;No Hábil;Sábado;2058.0;15001.1;24.6;387.1;1248.3
feb-22;20;20/2/2022;No Hábil;Domingo;1838.6;13367.4;20.6;324.6;1101.0
feb-22;21;21/2/2022;Hábil;Lunes;2101.9;14123.3;21.7;395.5;1300.6
feb-22;22;22/2/2022;Hábil;Martes;2219.2;14319.7;21.7;419.3;1368.8
feb-22;23;23/2/2022;Hábil;Miércoles;2170.8;15068.3;22.4;424.2;1317.8
feb-22;24;24/2/2022;Hábil;Jueves;2143.4;14804.5;21.8;419.9;1292.8
feb-22;25;25/2/2022;Hábil;Viernes;2171.3;15028.4;23.0;421.3;1316.7
feb-22;26;26/2/2022;No Hábil;Sábado;2047.6;15103.1;23.7;385.8;1225.2
feb-22;27;27/2/2022;No Hábil;Domingo;1851.0;14513.8;22.7;322.2;1090.7
feb-22;28;28/2/2022;No Hábil;Lunes;1816.1;13461.1;22.4;320.2;1061.8
mar-22;1;1/3/2022;No Hábil;Martes;1819.1;12657.0;20.4;332.5;1046.2
mar-22;2;2/3/2022;Hábil;Miércoles;2069.4;14922.2;23.8;399.3;1225.0
mar-22;3;3/3/2022;Hábil;Jueves;2150.5;15964.5;22.8;413.8;1280.1
mar-22;4;4/3/2022;Hábil;Viernes;2126.9;16528.3;23.9;414.9;1252.7
mar-22;5;5/3/2022;No Hábil;Sábado;2056.9;14971.3;23.7;371.9;1225.4
mar-22;6;6/3/2022;No Hábil;Domingo;1859.8;13401.5;23.2;323.6;1079.9
mar-22;7;7/3/2022;Hábil;Lunes;2082.4;14311.8;21.6;384.7;1235.8
mar-22;8;8/3/2022;Hábil;Martes;2187.9;13996.4;21.7;408.7;1324.1
mar-22;9;9/3/2022;Hábil;Miércoles;2175.7;14073.7;19.4;413.6;1311.7
mar-22;10;10/3/2022;Hábil;Jueves;2255.3;13335.1;20.0;416.8;1389.8
mar-22;11;11/3/2022;Hábil;Viernes;2314.5;12953.9;18.2;420.1;1335.0
mar-22;12;12/3/2022;No Hábil;Sábado;2098.5;11983.3;18.2;371.3;1278.4
mar-22;13;13/3/2022;No Hábil;Domingo;1944.6;11392.6;19.3;332.7;1178.1
mar-22;14;14/3/2022;Hábil;Lunes;2110.1;13447.1;21.1;403.7;1297.2
mar-22;15;15/3/2022;Hábil;Martes;2199.8;14535.5;23.7;426.0;1321.7
mar-22;16;16/3/2022;Hábil;Miércoles;2195.9;15198.9;24.0;432.9;1296.2
mar-22;17;17/3/2022;Hábil;Jueves;2157.4;15848.9;24.7;439.7;1252.9
mar-22;18;18/3/2022;Hábil;Viernes;2118.9;13730.5;16.6;418.1;1260.2
mar-22;19;19/3/2022;No Hábil;Sábado;2101.7;11772.0;14.4;374.1;1293.6
mar-22;20;20/3/2022;No Hábil;Domingo;1901.2;10915.6;16.2;341.8;1128.2
mar-22;21;21/3/2022;Hábil;Lunes;2155.6;12758.1;18.9;403.2;1293.3
mar-22;22;22/3/2022;Hábil;Martes;2362.5;13308.7;20.6;433.4;1407.7
mar-22;23;23/3/2022;Hábil;Miércoles;2413.5;13628.2;22.3;436.8;1457.1
mar-22;24;24/3/2022;No Hábil;Jueves;2139.5;11897.3;15.4;375.7;1241.3
mar-22;25;25/3/2022;Hábil;Viernes;2293.4;12544.5;15.1;404.1;1362.0
mar-22;26;26/3/2022;No Hábil;Sábado;2360.8;11605.8;18.9;385.9;1369.7
mar-22;27;27/3/2022;No Hábil;Domingo;2307.3;11168.6;20.4;348.6;1316.0
mar-22;28;28/3/2022;Hábil;Lunes;2407.2;13164.4;21.2;421.0;1422.4
mar-22;29;29/3/2022;Hábil;Martes;2415.9;13922.2;20.7;431.8;1466.4
mar-22;30;30/3/2022;Hábil;Miércoles;2365.0;13118.9;12.3;420.0;1413.2
mar-22;31;31/3/2022;Hábil;Jueves;2288.0;13154.7;12.7;422.8;1326.6
abr-22;1;1/4/2022;Hábil;Viernes;2320.9;13034.8;14.5;419.8;1362.8
abr-22;2;2/4/2022;No Hábil;Sábado;2085.0;11619.1;17.1;360.8;1209.6
abr-22;3;3/4/2022;No Hábil;Domingo;1981.5;11213.7;18.4;338.4;1146.4
abr-22;4;4/4/2022;Hábil;Lunes;2143.6;12852.4;15.1;399.4;1241.2
abr-22;5;5/4/2022;Hábil;Martes;2188.5;13151.9;17.0;424.9;1262.4
abr-22;6;6/4/2022;Hábil;Miércoles;2215.6;13480.6;19.9;435.7;1285.8
abr-22;7;7/4/2022;Hábil;Jueves;2231.8;13527.6;20.7;434.7;1298.1
abr-22;8;8/4/2022;Hábil;Viernes;2230.9;13221.5;20.2;437.3;1295.6
abr-22;9;9/4/2022;No Hábil;Sábado;2146.7;12255.6;20.1;393.6;1259.0
abr-22;10;10/4/2022;No Hábil;Domingo;2034.0;11829.6;21.7;353.4;1186.9
abr-22;11;11/4/2022;Hábil;Lunes;2215.2;12830.3;18.8;407.8;1291.8
abr-22;12;12/4/2022;Hábil;Martes;2293.8;13159.0;15.7;426.3;1330.3
abr-22;13;13/4/2022;Hábil;Miércoles;2287.1;13127.9;14.2;424.0;1323.3
abr-22;14;14/4/2022;No Hábil;Jueves;2249.2;12646.4;14.6;412.2;1297.2
abr-22;15;15/4/2022;No Hábil;Viernes;2141.2;11601.2;14.8;366.4;1230.6
abr-22;16;16/4/2022;No Hábil;Sábado;2150.4;11439.7;17.0;363.5;1242.3
abr-22;17;17/4/2022;No Hábil;Domingo;2114.3;10857.3;19.0;348.7;1192.5
abr-22;18;18/4/2022;Hábil;Lunes;2367.0;12618.9;19.3;406.7;1361.9
abr-22;19;19/4/2022;Hábil;Martes;2468.1;13058.9;19.5;430.7;1345.5
abr-22;20;20/4/2022;Hábil;Miércoles;2487.7;13165.6;19.9;432.6;1372.0
abr-22;21;21/4/2022;Hábil;Jueves;2531.8;13081.1;16.9;426.0;1424.6
abr-22;22;22/4/2022;Hábil;Viernes;2503.5;13274.0;14.7;433.7;1393.4
abr-22;23;23/4/2022;No Hábil;Sábado;2434.8;12398.9;14.7;391.6;1390.2
abr-22;24;24/4/2022;No Hábil;Domingo;2170.9;11438.3;18.6;348.2;1285.2
abr-22;25;25/4/2022;Hábil;Lunes;2458.8;13345.9;20.9;416.1;1428.5
abr-22;26;26/4/2022;Hábil;Martes;2616.6;13860.7;21.1;433.9;1494.0
abr-22;27;27/4/2022;Hábil;Miércoles;2561.8;13300.2;17.2;421.0;1459.7
abr-22;28;28/4/2022;Hábil;Jueves;2631.2;13690.0;12.8;430.4;1515.2
abr-22;29;29/4/2022;Hábil;Viernes;2578.0;14193.0;9.2;422.5;1466.0
abr-22;30;30/4/2022;No Hábil;Sábado;2383.8;13512.4;11.3;374.7;1409.5
may-22;1;1/5/2022;No Hábil;Domingo;1829.8;11956.7;12.8;297.6;988.0
may-22;2;2/5/2022;Hábil;Lunes;2196.6;14453.2;11.7;368.5;1268.0
may-22;3;3/5/2022;Hábil;Martes;2397.5;15027.9;10.8;413.6;1398.1
may-22;4;4/5/2022;Hábil;Miércoles;2405.9;14856.9;12.9;424.0;1429.3
may-22;5;5/5/2022;Hábil;Jueves;2323.2;14347.3;15.4;431.9;1351.0
may-22;6;6/5/2022;Hábil;Viernes;2285.1;13814.6;17.4;431.0;1324.5
may-22;7;7/5/2022;No Hábil;Sábado;2303.9;12335.1;18.4;399.7;1395.0
may-22;8;8/5/2022;No Hábil;Domingo;2169.3;11488.3;17.8;346.3;1307.5
may-22;9;9/5/2022;Hábil;Lunes;2292.4;13179.6;15.6;406.9;1377.2
may-22;10;10/5/2022;Hábil;Martes;2340.2;13632.0;15.6;428.3;1404.3
may-22;11;11/5/2022;Hábil;Miércoles;2301.3;14153.9;13.2;424.5;1364.3
may-22;12;12/5/2022;Hábil;Jueves;2321.2;14591.1;12.3;425.5;1387.5
may-22;13;13/5/2022;Hábil;Viernes;2361.9;14501.9;14.7;434.3;1414.3
may-22;14;14/5/2022;No Hábil;Sábado;2266.8;13216.5;15.0;392.4;1362.8
may-22;15;15/5/2022;No Hábil;Domingo;2123.0;12994.9;11.1;344.0;1270.7
may-22;16;16/5/2022;Hábil;Lunes;2285.6;15693.3;11.8;404.1;1372.1
may-22;17;17/5/2022;Hábil;Martes;2362.0;16437.3;11.8;422.0;1416.2
may-22;18;18/5/2022;Hábil;Miércoles;1920.2;14890.8;10.8;365.1;1034.1
may-22;19;19/5/2022;Hábil;Jueves;2194.6;16229.7;9.2;417.3;1259.9
may-22;20;20/5/2022;Hábil;Viernes;2345.1;15852.2;12.6;421.2;1393.9
may-22;21;21/5/2022;No Hábil;Sábado;2298.6;14166.7;14.9;385.3;1384.3
may-22;22;22/5/2022;No Hábil;Domingo;2163.6;13175.0;13.2;341.5;1294.6
may-22;23;23/5/2022;Hábil;Lunes;2303.4;14592.9;15.0;406.1;1377.2
may-22;24;24/5/2022;Hábil;Martes;2389.8;14609.0;15.6;421.0;1440.0
may-22;25;25/5/2022;No Hábil;Miércoles;2134.5;14673.4;10.9;384.1;1221.9
may-22;26;26/5/2022;Hábil;Jueves;2274.8;16689.7;9.4;419.3;1319.2
may-22;27;27/5/2022;Hábil;Viernes;2385.4;16293.8;11.3;416.9;1425.9
may-22;28;28/5/2022;No Hábil;Sábado;2282.1;15309.7;10.8;386.3;1367.2
may-22;29;29/5/2022;No Hábil;Domingo;2133.0;15016.2;8.5;343.4;1269.3
may-22;30;30/5/2022;Hábil;Lunes;2293.2;18043.7;6.1;401.4;1374.0
may-22;31;31/5/2022;Hábil;Martes;2359.8;18673.3;5.8;421.2;1418.5
jun-22;1;1/6/2022;Hábil;Miércoles;2377.9;18667.3;7.4;423.4;1400.7
jun-22;2;2/6/2022;Hábil;Jueves;2348.1;18450.2;6.8;429.5;1376.5
jun-22;3;3/6/2022;Hábil;Viernes;2260.0;18249.0;7.6;423.1;1339.7
jun-22;4;4/6/2022;No Hábil;Sábado;2233.7;16477.8;11.2;393.7;1335.9
jun-22;5;5/6/2022;No Hábil;Domingo;2088.3;15046.5;10.6;339.8;1206.9
jun-22;6;6/6/2022;Hábil;Lunes;2209.3;16656.3;9.3;388.1;1286.9
jun-22;7;7/6/2022;Hábil;Martes;2251.1;17203.6;10.0;412.1;1344.7
jun-22;8;8/6/2022;Hábil;Miércoles;2263.2;17342.8;9.6;415.6;1397.8
jun-22;9;9/6/2022;Hábil;Jueves;2258.6;17278.1;10.5;414.4;1354.5
jun-22;10;10/6/2022;Hábil;Viernes;2211.5;18136.4;6.3;405.2;1349.3
jun-22;11;11/6/2022;No Hábil;Sábado;2158.0;16896.1;7.7;375.6;1303.3
jun-22;12;12/6/2022;No Hábil;Domingo;2053.4;15681.7;10.0;333.9;1241.4
jun-22;13;13/6/2022;Hábil;Lunes;2226.1;16982.2;11.8;400.2;1348.9
jun-22;14;14/6/2022;Hábil;Martes;2206.8;17011.9;12.2;420.4;1308.5
jun-22;15;15/6/2022;Hábil;Miércoles;2219.3;16537.5;12.4;421.0;1315.6
jun-22;16;16/6/2022;Hábil;Jueves;2228.4;16571.8;10.9;410.8;1345.9
jun-22;17;17/6/2022;No Hábil;Viernes;2049.7;16303.3;8.0;365.1;1214.4
jun-22;18;18/6/2022;No Hábil;Sábado;2054.0;16269.6;8.6;349.8;1233.7
jun-22;19;19/6/2022;No Hábil;Domingo;1967.5;14905.6;11.5;331.4;1171.2
jun-22;20;20/6/2022;No Hábil;Lunes;1923.0;15537.2;10.0;347.1;1118.5
jun-22;21;21/6/2022;Hábil;Martes;2174.7;17267.7;10.4;396.4;1298.9
jun-22;22;22/6/2022;Hábil;Miércoles;2209.7;19184.9;6.6;409.1;1303.6
jun-22;23;23/6/2022;Hábil;Jueves;2244.6;19300.9;7.9;406.6;1317.2
jun-22;24;24/6/2022;Hábil;Viernes;2346.0;18837.1;9.3;410.7;1377.3
jun-22;25;25/6/2022;No Hábil;Sábado;2199.3;17650.4;6.3;376.7;1310.9
jun-22;26;26/6/2022;No Hábil;Domingo;2020.1;17001.2;7.9;335.9;1194.7
jun-22;27;27/6/2022;Hábil;Lunes;2248.5;18742.9;10.0;385.4;1324.8
jun-22;28;28/6/2022;Hábil;Martes;2242.6;18182.1;11.4;400.4;1311.3
jun-22;29;29/6/2022;Hábil;Miércoles;2261.1;17362.3;13.1;406.4;1372.8
jun-22;30;30/6/2022;Hábil;Jueves;2252.8;16894.0;11.7;408.6;1390.6
jul-22;1;1/7/2022;Hábil;Viernes;2208.6;17519.9;10.3;418.1;1335.3
jul-22;2;2/7/2022;No Hábil;Sábado;2152.4;15935.8;9.2;379.3;1328.5
jul-22;3;3/7/2022;No Hábil;Domingo;1989.6;15722.6;7.6;337.3;1208.9
jul-22;4;4/7/2022;Hábil;Lunes;2139.8;17613.8;10.6;379.7;1308.4
jul-22;5;5/7/2022;Hábil;Martes;2163.9;17308.1;11.5;411.0;1274.2
jul-22;6;6/7/2022;Hábil;Miércoles;2221.9;17404.3;12.0;414.0;1323.2
jul-22;7;7/7/2022;Hábil;Jueves;2194.6;17356.2;10.0;413.3;1294.4
jul-22;8;8/7/2022;Hábil;Viernes;2236.3;17830.3;9.3;411.3;1339.7
jul-22;9;9/7/2022;No Hábil;Sábado;1876.7;15001.7;14.4;351.0;1057.5
jul-22;10;10/7/2022;No Hábil;Domingo;1898.4;13363.0;17.3;328.1;1111.3
jul-22;11;11/7/2022;Hábil;Lunes;2140.2;16720.7;10.5;386.4;1302.9
jul-22;12;12/7/2022;Hábil;Martes;2177.3;17918.4;6.9;402.1;1323.1
jul-22;13;13/7/2022;Hábil;Miércoles;2155.6;17698.8;10.8;405.5;1287.0
jul-22;14;14/7/2022;Hábil;Jueves;2193.9;17250.2;12.0;402.3;1333.6
jul-22;15;15/7/2022;Hábil;Viernes;2171.2;17740.6;10.6;413.4;1311.2
jul-22;16;16/7/2022;No Hábil;Sábado;2111.3;17109.5;9.4;377.9;1280.3
jul-22;17;17/7/2022;No Hábil;Domingo;1981.7;16207.5;8.0;324.5;1193.5
jul-22;18;18/7/2022;Hábil;Lunes;2129.4;17673.6;10.6;380.0;1282.4
jul-22;19;19/7/2022;Hábil;Martes;2155.0;17558.0;9.4;402.2;1313.9
jul-22;20;20/7/2022;Hábil;Miércoles;2136.6;16620.8;13.0;394.7;1307.0
jul-22;21;21/7/2022;Hábil;Jueves;2136.6;16032.7;12.8;391.9;1313.9
jul-22;22;22/7/2022;Hábil;Viernes;2128.0;15829.5;11.4;395.3;1311.7
jul-22;23;23/7/2022;No Hábil;Sábado;1993.0;14406.6;14.3;356.3;1210.3
jul-22;24;24/7/2022;No Hábil;Domingo;1952.5;13199.4;14.9;312.4;1121.8
jul-22;25;25/7/2022;Hábil;Lunes;2009.0;15375.9;14.1;377.3;1176.1
jul-22;26;26/7/2022;Hábil;Martes;2112.6;14890.2;17.7;400.7;1279.5
jul-22;27;27/7/2022;Hábil;Miércoles;2126.8;14894.4;17.3;397.0;1298.1
jul-22;28;28/7/2022;Hábil;Jueves;2114.2;15474.9;12.1;393.8;1288.4
jul-22;29;29/7/2022;Hábil;Viernes;2076.3;15815.0;10.7;394.3;1256.2
jul-22;30;30/7/2022;No Hábil;Sábado;2017.0;14119.7;13.3;365.8;1228.1
jul-22;31;31/7/2022;No Hábil;Domingo;1906.4;13212.9;13.4;315.5;1170.4
ago-22;1;1/8/2022;Hábil;Lunes;2079.6;14805.5;12.5;379.0;1280.7
ago-22;2;2/8/2022;Hábil;Martes;2142.8;15291.8;13.4;393.1;1338.0
ago-22;3;3/8/2022;Hábil;Miércoles;2344.8;15774.5;12.2;387.0;1365.1
ago-22;4;4/8/2022;Hábil;Jueves;2366.1;16543.7;9.2;386.4;1320.0
ago-22;5;5/8/2022;Hábil;Viernes;2420.8;16317.1;9.5;388.2;1375.9
ago-22;6;6/8/2022;No Hábil;Sábado;2220.6;14984.1;10.9;348.8;1312.5
ago-22;7;7/8/2022;No Hábil;Domingo;2004.8;14409.3;10.7;306.7;1243.9
ago-22;8;8/8/2022;Hábil;Lunes;2163.2;16905.7;10.0;366.7;1354.2
ago-22;9;9/8/2022;Hábil;Martes;2234.4;17149.2;10.6;380.7;1387.5
ago-22;10;10/8/2022;Hábil;Miércoles;2148.8;16655.5;10.3;376.8;1333.7
ago-22;11;11/8/2022;Hábil;Jueves;2130.9;15979.1;12.4;379.2;1325.0
ago-22;12;12/8/2022;Hábil;Viernes;2156.5;15032.4;14.0;383.0;1347.5
ago-22;13;13/8/2022;No Hábil;Sábado;2042.3;13135.5;16.1;349.1;1292.1
ago-22;14;14/8/2022;No Hábil;Domingo;1880.1;11641.4;17.8;310.3;1173.8
ago-22;15;15/8/2022;No Hábil;Lunes;1786.1;12492.2;13.7;310.8;1075.5
ago-22;16;16/8/2022;Hábil;Martes;1994.5;15068.2;13.0;377.3;1211.7
ago-22;17;17/8/2022;Hábil;Miércoles;2086.3;16095.5;10.9;386.8;1294.2
ago-22;18;18/8/2022;Hábil;Jueves;2127.5;16826.2;7.3;402.3;1326.2
ago-22;19;19/8/2022;Hábil;Viernes;2164.2;16524.8;10.3;409.7;1346.5
ago-22;20;20/8/2022;No Hábil;Sábado;1980.9;14495.4;11.9;362.8;1231.1
ago-22;21;21/8/2022;No Hábil;Domingo;1830.5;13410.5;11.5;310.6;1137.9
ago-22;22;22/8/2022;Hábil;Lunes;2027.4;15347.2;11.8;385.2;1239.6
ago-22;23;23/8/2022;Hábil;Martes;2062.2;15000.8;12.9;398.4;1248.1
ago-22;24;24/8/2022;Hábil;Miércoles;2153.0;14253.6;15.6;407.4;1312.5
ago-22;25;25/8/2022;Hábil;Jueves;2160.0;13654.1;17.3;416.0;1304.5
ago-22;26;26/8/2022;Hábil;Viernes;2190.5;13521.0;17.7;415.6;1336.9
ago-22;27;27/8/2022;No Hábil;Sábado;2057.5;12632.3;15.4;374.0;1272.2
ago-22;28;28/8/2022;No Hábil;Domingo;1984.9;13006.8;7.6;328.8;1260.4
ago-22;29;29/8/2022;Hábil;Lunes;2132.8;15305.3;9.4;377.8;1344.2
ago-22;30;30/8/2022;Hábil;Martes;2198.3;15039.1;12.7;386.7;1395.9
ago-22;31;31/8/2022;Hábil;Miércoles;2189.0;14098.0;15.9;385.3;1375.7
sep-22;1;1/9/2022;Hábil;Jueves;2228.5;13999.4;15.5;382.6;1358.7
sep-22;2;2/9/2022;Hábil;Viernes;2032.1;13952.2;11.4;354.4;1167.9
sep-22;3;3/9/2022;No Hábil;Sábado;2154.0;13124.4;11.2;346.5;1290.2
sep-22;4;4/9/2022;No Hábil;Domingo;2082.4;11967.6;14.7;316.4;1253.3
sep-22;5;5/9/2022;Hábil;Lunes;2257.2;13393.3;15.6;385.2;1360.1
sep-22;6;6/9/2022;Hábil;Martes;2324.7;13409.0;15.7;405.3;1416.1
sep-22;7;7/9/2022;Hábil;Miércoles;2008.3;13039.1;17.9;404.6;1106.3
sep-22;8;8/9/2022;Hábil;Jueves;2199.2;13268.7;16.4;404.1;1293.6
sep-22;9;9/9/2022;Hábil;Viernes;2254.8;14485.8;9.6;399.9;1344.1
sep-22;10;10/9/2022;No Hábil;Sábado;2160.4;13349.2;10.6;369.4;1284.2
sep-22;11;11/9/2022;No Hábil;Domingo;2052.5;12175.5;12.6;315.4;1233.3
sep-22;12;12/9/2022;Hábil;Lunes;2151.8;13556.7;13.6;378.3;1273.1
sep-22;13;13/9/2022;Hábil;Martes;2243.5;13691.5;13.0;404.7;1336.1
sep-22;14;14/9/2022;Hábil;Miércoles;2225.8;13566.1;14.0;416.1;1308.4
sep-22;15;15/9/2022;Hábil;Jueves;2220.9;13305.1;15.7;427.1;1301.9
sep-22;16;16/9/2022;Hábil;Viernes;2303.3;13050.6;17.6;433.6;1383.4
sep-22;17;17/9/2022;No Hábil;Sábado;2202.0;11780.1;19.5;399.8;1318.3
sep-22;18;18/9/2022;No Hábil;Domingo;2049.3;11031.8;18.5;348.6;1215.7
sep-22;19;19/9/2022;Hábil;Lunes;2192.8;12970.2;17.2;397.0;1311.5
sep-22;20;20/9/2022;Hábil;Martes;2234.5;13751.6;12.2;425.2;1309.1
sep-22;21;21/9/2022;Hábil;Miércoles;2237.3;14018.8;14.2;421.6;1322.9
sep-22;22;22/9/2022;Hábil;Jueves;2287.9;13955.0;13.3;425.9;1375.2
sep-22;23;23/9/2022;Hábil;Viernes;2290.1;13634.9;13.2;421.9;1371.5
sep-22;24;24/9/2022;No Hábil;Sábado;2210.2;11941.1;16.8;393.1;1313.5
sep-22;25;25/9/2022;No Hábil;Domingo;2071.0;11188.6;16.4;345.9;1221.3
sep-22;26;26/9/2022;Hábil;Lunes;2258.0;12679.7;17.6;399.3;1343.8
sep-22;27;27/9/2022;Hábil;Martes;2294.0;13015.1;17.5;423.8;1356.8
sep-22;28;28/9/2022;Hábil;Miércoles;2278.3;13203.9;12.7;427.5;1350.4
sep-22;29;29/9/2022;Hábil;Jueves;2255.3;13272.6;13.8;419.2;1332.4
sep-22;30;30/9/2022;Hábil;Viernes;2318.0;13015.6;15.7;428.1;1394.4
oct-22;1;1/10/2022;No Hábil;Sábado;2207.6;11900.3;16.9;381.3;1317.0
oct-22;2;2/10/2022;No Hábil;Domingo;2078.5;11038.8;18.4;327.6;1222.0
oct-22;3;3/10/2022;Hábil;Lunes;2178.9;12926.5;14.6;392.5;1293.9
oct-22;4;4/10/2022;Hábil;Martes;2192.5;13339.9;15.4;409.6;1328.1
oct-22;5;5/10/2022;Hábil;Miércoles;2242.5;13228.3;17.6;415.5;1372.8
oct-22;6;6/10/2022;Hábil;Jueves;2149.0;12989.0;17.1;412.4;1288.9
oct-22;7;7/10/2022;No Hábil;Viernes;2035.6;12037.1;19.3;377.3;1214.6
oct-22;8;8/10/2022;No Hábil;Sábado;2047.1;11780.9;14.7;355.3;1245.9
oct-22;9;9/10/2022;No Hábil;Domingo;2022.4;11315.4;12.6;334.3;1236.4
oct-22;10;10/10/2022;No Hábil;Lunes;1943.5;11477.2;14.9;344.3;1149.6
oct-22;11;11/10/2022;Hábil;Martes;2174.5;13011.0;16.0;405.3;1314.3
oct-22;12;12/10/2022;Hábil;Miércoles;2202.6;13142.9;19.9;412.8;1339.6
oct-22;13;13/10/2022;Hábil;Jueves;2094.0;13077.2;16.0;405.5;1245.8
oct-22;14;14/10/2022;Hábil;Viernes;2260.3;13317.0;13.5;403.9;1412.5
oct-22;15;15/10/2022;No Hábil;Sábado;2159.6;12617.9;13.9;367.4;1350.9
oct-22;16;16/10/2022;No Hábil;Domingo;1947.4;11413.7;15.4;324.3;1189.0
oct-22;17;17/10/2022;Hábil;Lunes;2139.4;12935.1;16.2;383.6;1313.7
oct-22;18;18/10/2022;Hábil;Martes;2246.6;13227.6;18.6;403.8;1384.5
oct-22;19;19/10/2022;Hábil;Miércoles;2225.6;13126.3;19.7;407.1;1361.1
oct-22;20;20/10/2022;Hábil;Jueves;2194.2;12900.8;20.4;415.1;1315.8
oct-22;21;21/10/2022;Hábil;Viernes;2298.3;12932.0;18.6;416.9;1395.8
oct-22;22;22/10/2022;No Hábil;Sábado;2209.3;12186.5;12.6;367.3;1357.4
oct-22;23;23/10/2022;No Hábil;Domingo;2071.8;11444.7;15.2;328.5;1252.1
oct-22;24;24/10/2022;Hábil;Lunes;2234.1;13062.6;19.4;405.7;1351.3
oct-22;25;25/10/2022;Hábil;Martes;2271.5;13672.5;21.6;420.2;1404.0
oct-22;26;26/10/2022;Hábil;Miércoles;2312.1;13412.2;19.8;408.5;1434.7
oct-22;27;27/10/2022;Hábil;Jueves;2309.1;13521.1;20.5;417.5;1422.4
oct-22;28;28/10/2022;Hábil;Viernes;2276.4;14310.9;25.0;415.5;1396.7
oct-22;29;29/10/2022;No Hábil;Sábado;2179.8;13922.4;23.7;369.3;1353.0
oct-22;30;30/10/2022;No Hábil;Domingo;2001.4;11944.5;14.6;313.5;1239.7
oct-22;31;31/10/2022;Hábil;Lunes;2148.9;12887.6;11.9;383.0;1318.7
nov-22;1;1/11/2022;Hábil;Martes;2280.8;13006.0;14.7;425.6;1351.1
nov-22;2;2/11/2022;Hábil;Miércoles;2251.0;12817.1;19.9;431.8;1298.6
nov-22;3;3/11/2022;Hábil;Jueves;2245.2;12927.4;19.9;438.0;1281.4
nov-22;4;4/11/2022;Hábil;Viernes;2306.8;12949.2;19.3;442.1;1335.9
nov-22;5;5/11/2022;No Hábil;Sábado;2255.3;11998.6;19.9;406.6;1320.9
nov-22;6;6/11/2022;No Hábil;Domingo;2167.2;11731.8;20.7;365.3;1268.5
nov-22;7;7/11/2022;Hábil;Lunes;2363.8;13605.1;21.0;432.7;1390.3
nov-22;8;8/11/2022;Hábil;Martes;2339.6;13906.8;20.9;435.0;1364.9
nov-22;9;9/11/2022;Hábil;Miércoles;2364.6;14168.3;21.6;449.0;1357.0
nov-22;10;10/11/2022;Hábil;Jueves;2285.9;14121.2;22.1;453.0;1306.7
nov-22;11;11/11/2022;Hábil;Viernes;2374.7;14350.1;23.5;453.2;1407.4
nov-22;12;12/11/2022;No Hábil;Sábado;2279.0;13127.1;23.5;409.2;1358.7
nov-22;13;13/11/2022;No Hábil;Domingo;2141.2;11704.4;22.2;356.1;1277.0
nov-22;14;14/11/2022;Hábil;Lunes;2318.2;12882.5;19.1;416.4;1388.2
nov-22;15;15/11/2022;Hábil;Martes;2406.5;14354.9;23.7;445.0;1440.1
nov-22;16;16/11/2022;Hábil;Miércoles;2378.3;16321.0;26.6;461.9;1399.9
nov-22;17;17/11/2022;Hábil;Jueves;2347.7;16987.7;25.8;463.8;1368.7
nov-22;18;18/11/2022;Hábil;Viernes;2376.2;17196.2;25.9;462.7;1396.5
nov-22;19;19/11/2022;No Hábil;Sábado;2275.6;16139.0;27.4;420.8;1335.2
nov-22;20;20/11/2022;No Hábil;Domingo;2021.1;13748.3;23.5;365.8;1142.5
nov-22;21;21/11/2022;No Hábil;Lunes;1982.1;12036.7;16.7;359.1;1111.2
nov-22;22;22/11/2022;Hábil;Martes;2164.7;13029.3;18.0;411.7;1242.5
nov-22;23;23/11/2022;Hábil;Miércoles;2229.9;14715.6;22.9;439.7;1289.0
nov-22;24;24/11/2022;Hábil;Jueves;2261.9;17198.6;27.2;452.5;1335.2
nov-22;25;25/11/2022;Hábil;Viernes;2313.3;17340.3;22.1;455.2;1402.2
nov-22;26;26/11/2022;No Hábil;Sábado;2210.3;16927.6;25.7;411.3;1347.8
nov-22;27;27/11/2022;No Hábil;Domingo;2072.3;16634.4;26.5;371.3;1258.2
nov-22;28;28/11/2022;Hábil;Lunes;2273.0;19429.3;27.2;438.6;1379.2
nov-22;29;29/11/2022;Hábil;Martes;2305.5;19877.8;27.8;455.1;1402.1
nov-22;30;30/11/2022;Hábil;Miércoles;2264.7;17999.0;25.1;437.6;1386.6
dic-22;1;1/12/2022;Hábil;Jueves;2305.1;14997.6;20.4;430.6;1369.5
dic-22;2;2/12/2022;Hábil;Viernes;2374.4;15231.1;21.1;435.1;1404.6
dic-22;3;3/12/2022;No Hábil;Sábado;2268.9;14925.8;22.4;393.1;1345.8
dic-22;4;4/12/2022;No Hábil;Domingo;2250.0;15346.6;25.0;359.2;1286.7
dic-22;5;5/12/2022;Hábil;Lunes;2495.4;19489.7;28.3;435.2;1354.6
dic-22;6;6/12/2022;Hábil;Martes;2472.9;20733.9;29.0;449.3;1316.8
dic-22;7;7/12/2022;Hábil;Miércoles;2279.7;21323.9;29.0;449.1;1276.2
dic-22;8;8/12/2022;No Hábil;Jueves;2131.3;19419.1;28.5;395.8;1250.9
dic-22;9;9/12/2022;No Hábil;Viernes;1813.2;19967.5;28.9;364.8;988.9
dic-22;10;10/12/2022;No Hábil;Sábado;1994.0;17099.8;26.0;369.1;1178.7
dic-22;11;11/12/2022;No Hábil;Domingo;2016.5;17612.5;27.9;354.8;1222.8
dic-22;12;12/12/2022;Hábil;Lunes;2173.7;17677.2;21.8;415.4;1309.3
dic-22;13;13/12/2022;Hábil;Martes;2227.1;16935.4;22.0;424.3;1344.0
dic-22;14;14/12/2022;Hábil;Miércoles;2202.4;18770.4;26.7;438.4;1310.8
dic-22;15;15/12/2022;Hábil;Jueves;2241.0;17365.9;23.2;435.5;1323.4
dic-22;16;16/12/2022;Hábil;Viernes;2226.6;15720.5;20.1;420.7;1320.0
dic-22;17;17/12/2022;No Hábil;Sábado;2127.0;13478.3;21.3;370.8;1248.7
dic-22;18;18/12/2022;No Hábil;Domingo;1911.7;12932.6;23.5;322.7;1085.4
dic-22;19;19/12/2022;Hábil;Lunes;2153.8;16484.1;25.0;402.1;1245.6
dic-22;20;20/12/2022;No Hábil;Martes;1924.5;17544.2;25.8;397.2;1014.2
dic-22;21;21/12/2022;Hábil;Miércoles;2201.7;18693.3;25.5;432.4;1250.7
dic-22;22;22/12/2022;Hábil;Jueves;2310.9;19050.7;26.5;442.7;1340.7
dic-22;23;23/12/2022;Hábil;Viernes;2260.0;17023.6;24.3;429.4;1312.6
dic-22;24;24/12/2022;No Hábil;Sábado;1830.0;13069.6;19.4;312.8;1008.2
dic-22;25;25/12/2022;No Hábil;Domingo;1446.9;11006.1;18.5;240.8;704.4
dic-22;26;26/12/2022;Hábil;Lunes;1985.7;14049.0;22.3;358.3;1111.4
dic-22;27;27/12/2022;Hábil;Martes;2152.5;15386.7;25.1;397.3;1242.8
dic-22;28;28/12/2022;Hábil;Miércoles;2167.7;15753.5;24.8;399.8;1250.5
dic-22;29;29/12/2022;Hábil;Jueves;2163.2;16025.3;23.4;399.6;1249.1
dic-22;30;30/12/2022;Hábil;Viernes;2155.0;17749.6;28.0;401.6;1244.3
dic-22;31;31/12/2022;No Hábil;Sábado;1801.2;16673.1;25.7;310.6;959.2
ene-23;1;1/1/2023;No Hábil;Domingo;1400.4;14095.3;22.2;246.4;670.5
ene-23;2;2/1/2023;Hábil;Lunes;1842.1;14962.6;23.0;351.0;1017.3
ene-23;3;3/1/2023;Hábil;Martes;2036.2;15636.7;25.2;393.5;1185.5
ene-23;4;4/1/2023;Hábil;Miércoles;1988.1;16487.3;23.7;389.1;1134.3
ene-23;5;5/1/2023;Hábil;Jueves;1998.8;17522.0;25.9;393.2;1132.7
ene-23;6;6/1/2023;Hábil;Viernes;2038.5;18884.8;27.6;407.0;1162.6
ene-23;7;7/1/2023;No Hábil;Sábado;1961.6;17805.8;27.1;367.5;1130.9
ene-23;8;8/1/2023;No Hábil;Domingo;1842.7;16785.1;26.8;325.8;1054.6
ene-23;9;9/1/2023;Hábil;Lunes;2028.1;19183.3;26.6;389.3;1174.4
ene-23;10;10/1/2023;Hábil;Martes;2041.6;19802.2;27.1;411.1;1179.1
ene-23;11;11/1/2023;Hábil;Miércoles;2020.7;18124.2;24.4;404.4;1156.8
ene-23;12;12/1/2023;Hábil;Jueves;2045.5;16385.7;23.5;401.5;1190.3
ene-23;13;13/1/2023;Hábil;Viernes;2100.0;15437.8;24.8;407.4;1236.9
ene-23;14;14/1/2023;No Hábil;Sábado;2045.1;15374.1;25.8;374.2;1203.1
ene-23;15;15/1/2023;No Hábil;Domingo;1902.3;15830.2;28.3;331.5;1104.0
ene-23;16;16/1/2023;Hábil;Lunes;2101.8;19448.6;29.3;410.6;1227.3
ene-23;17;17/1/2023;Hábil;Martes;2162.5;20247.3;29.5;437.1;1284.3
ene-23;18;18/1/2023;Hábil;Miércoles;2175.5;19008.3;26.3;439.5;1301.9
ene-23;19;19/1/2023;Hábil;Jueves;2225.1;20276.6;27.9;449.7;1338.4
ene-23;20;20/1/2023;Hábil;Viernes;2204.8;19992.3;26.1;444.0;1329.5
ene-23;21;21/1/2023;No Hábil;Sábado;2088.4;16947.0;25.9;402.8;1246.7
ene-23;22;22/1/2023;No Hábil;Domingo;1927.0;16421.3;26.9;350.3;1144.9
ene-23;23;23/1/2023;Hábil;Lunes;2139.1;19046.7;26.6;414.1;1284.0
ene-23;24;24/1/2023;Hábil;Martes;2209.3;19489.6;27.5;430.5;1334.8
ene-23;25;25/1/2023;Hábil;Miércoles;2239.3;18835.5;26.5;429.8;1354.0
ene-23;26;26/1/2023;Hábil;Jueves;2235.5;19730.6;28.1;431.5;1344.2
ene-23;27;27/1/2023;Hábil;Viernes;2206.3;17581.5;23.8;409.6;1350.1
ene-23;28;28/1/2023;No Hábil;Sábado;2102.1;16238.3;25.8;380.8;1270.8
ene-23;29;29/1/2023;No Hábil;Domingo;1951.1;15891.4;25.6;341.3;1145.0
ene-23;30;30/1/2023;Hábil;Lunes;2167.3;17785.1;25.4;402.5;1291.9
ene-23;31;31/1/2023;Hábil;Martes;2168.3;19255.7;26.2;428.4;1302.7
feb-23;1;1/2/2023;Hábil;Miércoles;2186.1;18188.8;25.1;431.1;1312.9
feb-23;2;2/2/2023;Hábil;Jueves;2185.0;16526.1;24.0;424.9;1309.2
feb-23;3;3/2/2023;Hábil;Viernes;2218.1;15840.3;23.6;420.4;1343.2
feb-23;4;4/2/2023;No Hábil;Sábado;2107.9;14651.0;23.4;380.9;1268.1
feb-23;5;5/2/2023;No Hábil;Domingo;1932.5;14762.0;24.8;349.7;1111.1
feb-23;6;6/2/2023;Hábil;Lunes;2142.3;18456.6;28.1;422.0;1266.6
feb-23;7;7/2/2023;Hábil;Martes;2150.2;20358.8;28.8;441.1;1248.4
feb-23;8;8/2/2023;Hábil;Miércoles;2180.6;19948.8;27.0;443.9;1275.1
feb-23;9;9/2/2023;Hábil;Jueves;2252.0;20028.6;27.5;447.0;1336.6
feb-23;10;10/2/2023;Hábil;Viernes;2230.0;21163.1;29.8;448.1;1312.8
feb-23;11;11/2/2023;No Hábil;Sábado;2130.0;20669.7;31.3;410.9;1242.5
feb-23;12;12/2/2023;No Hábil;Domingo;1966.8;20617.4;32.3;369.6;1131.4
feb-23;13;13/2/2023;Hábil;Lunes;2049.8;20677.4;26.7;430.0;1164.1
feb-23;14;14/2/2023;Hábil;Martes;2064.7;19378.0;26.6;433.9;1171.9
feb-23;15;15/2/2023;Hábil;Miércoles;2083.7;18611.8;25.0;425.9;1186.0
feb-23;16;16/2/2023;Hábil;Jueves;2018.3;16052.7;19.7;408.3;1142.4
feb-23;17;17/2/2023;Hábil;Viernes;2015.9;12970.3;11.5;382.0;1178.9
feb-23;18;18/2/2023;No Hábil;Sábado;1920.8;11628.6;15.7;342.2;1108.5
feb-23;19;19/2/2023;No Hábil;Domingo;1814.7;11066.6;20.6;304.6;1046.2
feb-23;20;20/2/2023;No Hábil;Lunes;1757.0;11897.5;22.4;305.5;996.8
feb-23;21;21/2/2023;No Hábil;Martes;1754.4;13666.2;24.2;330.1;964.3
feb-23;22;22/2/2023;Hábil;Miércoles;1998.0;16564.6;26.4;406.2;1112.0
feb-23;23;23/2/2023;Hábil;Jueves;2063.3;16484.1;25.7;430.9;1178.5
feb-23;24;24/2/2023;Hábil;Viernes;2186.2;17160.7;24.8;436.2;1205.5
feb-23;25;25/2/2023;No Hábil;Sábado;2045.2;15984.2;24.6;398.3;1170.2
feb-23;26;26/2/2023;No Hábil;Domingo;1903.1;14070.9;22.6;340.2;1094.3
feb-23;27;27/2/2023;Hábil;Lunes;2106.0;16611.1;24.6;412.7;1211.5
feb-23;28;28/2/2023;Hábil;Martes;2202.6;19404.6;28.1;444.1;1279.8
mar-23;1;1/3/2023;Hábil;Miércoles;2047.9;19156.5;29.9;412.3;1178.2
mar-23;2;2/3/2023;Hábil;Jueves;2144.0;20101.4;30.3;452.7;1219.4
mar-23;3;3/3/2023;Hábil;Viernes;2278.9;20591.9;29.3;458.5;1335.5
mar-23;4;4/3/2023;No Hábil;Sábado;2149.1;18887.6;27.6;418.2;1260.9
mar-23;5;5/3/2023;No Hábil;Domingo;2056.1;18056.5;27.4;362.8;1186.0
mar-23;6;6/3/2023;Hábil;Lunes;2241.4;20618.3;28.7;441.3;1297.8
mar-23;7;7/3/2023;Hábil;Martes;2250.4;19143.3;27.2;455.3;1337.1
mar-23;8;8/3/2023;Hábil;Miércoles;2239.1;19999.9;27.1;466.6;1303.3
mar-23;9;9/3/2023;Hábil;Jueves;2246.1;20335.2;27.1;454.6;1326.0
mar-23;10;10/3/2023;Hábil;Viernes;2275.8;21274.1;29.9;460.5;1343.1
mar-23;11;11/3/2023;No Hábil;Sábado;2199.9;21043.7;31.3;424.8;1280.4
mar-23;12;12/3/2023;No Hábil;Domingo;2050.6;20347.4;31.3;378.3;1176.0
mar-23;13;13/3/2023;Hábil;Lunes;2190.7;22223.2;30.2;441.3;1282.2
mar-23;14;14/3/2023;Hábil;Martes;2295.2;21595.4;30.7;458.8;1337.0
mar-23;15;15/3/2023;Hábil;Miércoles;2280.0;20553.9;27.1;465.0;1336.0
mar-23;16;16/3/2023;Hábil;Jueves;2241.0;20137.7;26.6;465.4;1316.2
mar-23;17;17/3/2023;Hábil;Viernes;2195.8;20589.2;27.7;460.6;1289.1
mar-23;18;18/3/2023;No Hábil;Sábado;2122.6;18392.0;26.0;420.2;1255.6
mar-23;19;19/3/2023;No Hábil;Domingo;1949.8;17338.2;26.5;379.3;1116.4
mar-23;20;20/3/2023;Hábil;Lunes;2089.4;17067.7;21.4;432.6;1215.3
mar-23;21;21/3/2023;Hábil;Martes;2193.0;16082.3;22.1;446.1;1295.7
mar-23;22;22/3/2023;Hábil;Miércoles;2226.1;15511.6;22.7;441.2;1313.2
mar-23;23;23/3/2023;Hábil;Jueves;2246.0;15760.5;24.3;457.1;1345.8
mar-23;24;24/3/2023;No Hábil;Viernes;2020.1;14165.9;23.1;402.8;1150.2
mar-23;25;25/3/2023;No Hábil;Sábado;1959.4;13490.3;23.5;390.0;1113.5
mar-23;26;26/3/2023;No Hábil;Domingo;1902.0;11873.6;18.6;357.2;1081.4
mar-23;27;27/3/2023;Hábil;Lunes;2143.4;13744.2;20.0;411.0;1232.8
mar-23;28;28/3/2023;Hábil;Martes;2187.7;15091.9;24.4;436.7;1275.4
mar-23;29;29/3/2023;Hábil;Miércoles;2186.4;15502.6;21.9;442.8;1290.3
mar-23;30;30/3/2023;Hábil;Jueves;2197.5;14240.3;19.0;429.0;1327.9
mar-23;31;31/3/2023;Hábil;Viernes;2137.7;13995.9;18.7;430.1;1275.7
abr-23;1;1/4/2023;No Hábil;Sábado;2073.6;12270.2;15.2;390.4;1206.5
abr-23;2;2/4/2023;No Hábil;Domingo;1799.9;11389.8;17.9;351.9;1004.0
abr-23;3;3/4/2023;Hábil;Lunes;2039.1;13147.6;18.5;410.8;1189.4
abr-23;4;4/4/2023;Hábil;Martes;2217.1;13231.2;19.1;439.9;1314.8
abr-23;5;5/4/2023;Hábil;Miércoles;2284.4;13198.7;20.5;446.9;1358.2
abr-23;6;6/4/2023;Hábil;Jueves;2261.1;13021.0;20.8;436.3;1361.4
abr-23;7;7/4/2023;Hábil;Viernes;1973.4;11954.7;20.8;385.5;1141.4
abr-23;8;8/4/2023;No Hábil;Sábado;1975.5;11912.8;21.0;370.3;1154.6
abr-23;9;9/4/2023;No Hábil;Domingo;1904.5;11748.2;21.6;344.6;1117.9
abr-23;10;10/4/2023;Hábil;Lunes;2074.5;13862.8;21.7;409.8;1246.2
abr-23;11;11/4/2023;Hábil;Martes;2145.6;14740.4;23.2;433.3;1281.0
abr-23;12;12/4/2023;Hábil;Miércoles;2183.4;14177.1;17.4;430.1;1301.8
abr-23;13;13/4/2023;Hábil;Jueves;2141.6;13256.1;13.8;418.8;1262.5
abr-23;14;14/4/2023;Hábil;Viernes;2201.7;13173.6;13.8;415.8;1329.7
abr-23;15;15/4/2023;No Hábil;Sábado;2144.9;12092.0;16.3;386.0;1275.6
abr-23;16;16/4/2023;No Hábil;Domingo;1975.8;11341.8;15.3;340.4;1132.6
abr-23;17;17/4/2023;Hábil;Lunes;2128.5;13021.7;15.8;396.4;1240.4
abr-23;18;18/4/2023;Hábil;Martes;2164.7;13703.6;12.8;415.0;1281.0
abr-23;19;19/4/2023;Hábil;Miércoles;2175.7;13919.4;14.1;404.6;1297.2
abr-23;20;20/4/2023;Hábil;Jueves;2272.6;13559.3;14.1;420.4;1363.2
abr-23;21;21/4/2023;Hábil;Viernes;2282.7;13320.7;16.4;419.2;1372.1
abr-23;22;22/4/2023;No Hábil;Sábado;2163.2;12151.7;17.3;396.0;1276.6
abr-23;23;23/4/2023;No Hábil;Domingo;2006.1;11302.6;17.6;360.4;1151.6
abr-23;24;24/4/2023;Hábil;Lunes;2181.9;12939.1;18.6;412.6;1277.1
abr-23;25;25/4/2023;Hábil;Martes;2259.9;13143.3;19.0;438.5;1329.9
abr-23;26;26/4/2023;Hábil;Miércoles;2255.9;13232.5;17.8;444.5;1336.1
abr-23;27;27/4/2023;Hábil;Jueves;2245.1;13299.5;19.7;439.5;1321.0
abr-23;28;28/4/2023;Hábil;Viernes;2240.8;13194.5;20.9;437.9;1325.0
abr-23;29;29/4/2023;No Hábil;Sábado;2122.2;12238.3;21.8;405.9;1253.0
abr-23;30;30/4/2023;No Hábil;Domingo;1908.0;11622.3;19.6;351.4;1103.6
may-23;1;1/5/2023;No Hábil;Lunes;1608.1;11405.5;13.3;309.6;820.4
may-23;2;2/5/2023;Hábil;Martes;2023.3;13407.2;12.3;396.2;1137.9
may-23;3;3/5/2023;Hábil;Miércoles;2301.8;14038.2;12.9;443.6;1361.4
may-23;4;4/5/2023;Hábil;Jueves;2284.5;13948.0;14.9;442.9;1345.5
may-23;5;5/5/2023;Hábil;Viernes;2289.0;13657.6;17.4;446.0;1345.7
may-23;6;6/5/2023;No Hábil;Sábado;2206.1;12496.4;18.1;405.9;1308.8
may-23;7;7/5/2023;No Hábil;Domingo;2076.1;11461.6;17.1;360.8;1222.6
may-23;8;8/5/2023;Hábil;Lunes;2278.9;13282.9;15.1;413.6;1362.9
may-23;9;9/5/2023;Hábil;Martes;2353.0;13795.4;13.8;428.4;1428.4
may-23;10;10/5/2023;Hábil;Miércoles;2324.5;13805.5;14.2;430.0;1400.5
may-23;11;11/5/2023;Hábil;Jueves;2279.7;14112.1;12.3;425.4;1366.2
may-23;12;12/5/2023;Hábil;Viernes;2235.2;14146.5;14.3;427.9;1326.1
may-23;13;13/5/2023;No Hábil;Sábado;2163.3;12617.1;17.1;401.0;1295.6
may-23;14;14/5/2023;No Hábil;Domingo;2054.3;11465.3;19.2;356.0;1224.5
may-23;15;15/5/2023;Hábil;Lunes;2158.3;13015.3;18.6;416.1;1265.7
may-23;16;16/5/2023;Hábil;Martes;2240.0;13312.2;19.0;435.8;1327.0
may-23;17;17/5/2023;Hábil;Miércoles;2245.1;13239.1;19.2;442.4;1326.8
may-23;18;18/5/2023;Hábil;Jueves;2294.4;13255.5;17.1;438.6;1378.1
may-23;19;19/5/2023;Hábil;Viernes;2266.7;13951.0;14.1;426.6;1372.6
may-23;20;20/5/2023;No Hábil;Sábado;2148.9;13268.2;12.8;392.8;1287.0
may-23;21;21/5/2023;No Hábil;Domingo;2004.7;12615.5;15.5;358.0;1168.2
may-23;22;22/5/2023;Hábil;Lunes;2160.8;13638.9;18.1;413.7;1265.4
may-23;23;23/5/2023;Hábil;Martes;2249.1;13893.5;19.3;423.2;1348.1
may-23;24;24/5/2023;Hábil;Miércoles;2195.1;13782.9;20.5;401.5;1319.5
may-23;25;25/5/2023;No Hábil;Jueves;1952.0;12744.2;19.4;354.4;1115.3
may-23;26;26/5/2023;No Hábil;Viernes;1850.9;12596.7;18.0;330.6;1035.8
may-23;27;27/5/2023;No Hábil;Sábado;1946.5;13316.5;11.8;325.1;1138.2
may-23;28;28/5/2023;No Hábil;Domingo;1912.2;13596.2;8.6;315.7;1118.1
may-23;29;29/5/2023;Hábil;Lunes;2116.0;15710.5;10.6;390.4;1248.5
may-23;30;30/5/2023;Hábil;Martes;2276.9;15829.5;13.0;418.0;1374.5
may-23;31;31/5/2023;Hábil;Miércoles;2275.1;15069.5;15.7;428.1;1337.3
jun-23;1;1/6/2023;Hábil;Jueves;2400.1;14279.3;17.1;434.6;1295.4
jun-23;2;2/6/2023;Hábil;Viernes;2516.5;13762.9;19.6;428.4;1379.3
jun-23;3;3/6/2023;No Hábil;Sábado;2320.1;12568.3;17.9;399.7;1205.9
jun-23;4;4/6/2023;No Hábil;Domingo;2139.7;12192.3;15.1;340.4;1085.3
jun-23;5;5/6/2023;Hábil;Lunes;2344.3;14796.5;11.4;391.5;1232.5
jun-23;6;6/6/2023;Hábil;Martes;2443.6;15002.4;15.7;416.4;1303.3
jun-23;7;7/6/2023;Hábil;Miércoles;2510.9;14301.0;17.5;412.5;1381.7
jun-23;8;8/6/2023;Hábil;Jueves;2440.3;14127.2;20.5;425.5;1304.0
jun-23;9;9/6/2023;Hábil;Viernes;2415.5;14077.0;17.4;421.0;1297.0
jun-23;10;10/6/2023;No Hábil;Sábado;2351.8;14494.3;9.5;385.8;1281.1
jun-23;11;11/6/2023;No Hábil;Domingo;2228.0;14723.7;6.6;344.0;1182.9
jun-23;12;12/6/2023;Hábil;Lunes;2384.8;17594.9;6.7;400.9;1245.2
jun-23;13;13/6/2023;Hábil;Martes;2451.6;18129.8;7.6;413.8;1359.7
jun-23;14;14/6/2023;Hábil;Miércoles;2285.5;18198.1;8.6;423.1;1292.9
jun-23;15;15/6/2023;Hábil;Jueves;2371.5;18066.2;9.6;427.3;1242.7
jun-23;16;16/6/2023;Hábil;Viernes;2476.0;17522.7;10.8;419.5;1358.1
jun-23;17;17/6/2023;No Hábil;Sábado;2044.2;16136.5;8.4;365.9;1105.0
jun-23;18;18/6/2023;No Hábil;Domingo;1770.1;15456.6;7.2;336.1;941.9
jun-23;19;19/6/2023;No Hábil;Lunes;1818.6;15988.0;10.5;345.9;979.9
jun-23;20;20/6/2023;No Hábil;Martes;1850.7;16135.0;11.1;363.7;987.6
jun-23;21;21/6/2023;Hábil;Miércoles;2090.4;17441.6;12.6;418.6;1175.4
jun-23;22;22/6/2023;Hábil;Jueves;2158.9;17722.6;10.5;415.2;1264.1
jun-23;23;23/6/2023;Hábil;Viernes;2195.3;17490.0;11.1;414.0;1307.5
jun-23;24;24/6/2023;No Hábil;Sábado;2088.3;15288.4;13.1;373.1;1238.1
jun-23;25;25/6/2023;No Hábil;Domingo;2038.7;13851.3;13.5;329.6;1129.4
jun-23;26;26/6/2023;Hábil;Lunes;2339.2;15227.1;15.2;394.7;1254.9
jun-23;27;27/6/2023;Hábil;Martes;2460.8;15909.5;13.0;417.4;1357.2
jun-23;28;28/6/2023;Hábil;Miércoles;2467.3;16425.1;10.6;419.7;1359.3
jun-23;29;29/6/2023;Hábil;Jueves;2435.7;17018.9;9.8;421.3;1316.4
jun-23;30;30/6/2023;Hábil;Viernes;2436.7;16730.7;11.2;420.5;1323.2
jul-23;1;1/7/2023;No Hábil;Sábado;2166.5;14784.7;12.7;377.7;1243.0
jul-23;2;2/7/2023;No Hábil;Domingo;1952.3;13620.7;14.9;334.4;1131.0
jul-23;3;3/7/2023;Hábil;Lunes;2063.7;14526.6;16.7;380.2;1196.1
jul-23;4;4/7/2023;Hábil;Martes;2114.0;14249.3;18.9;412.7;1221.2
jul-23;5;5/7/2023;Hábil;Miércoles;2146.8;14271.4;16.5;413.8;1260.7
jul-23;6;6/7/2023;Hábil;Jueves;2127.7;14889.0;14.2;422.5;1240.4
jul-23;7;7/7/2023;Hábil;Viernes;2135.4;15844.1;11.2;425.5;1246.4
jul-23;8;8/7/2023;No Hábil;Sábado;2017.1;15025.6;12.0;389.1;1165.0
jul-23;9;9/7/2023;No Hábil;Domingo;1774.7;13797.2;14.2;337.0;977.6
jul-23;10;10/7/2023;Hábil;Lunes;2004.8;15680.2;12.8;393.8;1127.0
jul-23;11;11/7/2023;Hábil;Martes;2078.8;17117.3;10.8;417.3;1170.3
jul-23;12;12/7/2023;Hábil;Miércoles;2118.3;18415.5;9.5;419.0;1197.2
jul-23;13;13/7/2023;Hábil;Jueves;2109.5;18556.7;8.2;417.5;1190.4
jul-23;14;14/7/2023;Hábil;Viernes;2134.2;18999.2;6.8;408.4;1240.0
jul-23;15;15/7/2023;No Hábil;Sábado;1973.9;17421.4;10.1;371.1;1121.0
jul-23;16;16/7/2023;No Hábil;Domingo;1868.5;16341.2;7.5;332.0;1053.4
jul-23;17;17/7/2023;Hábil;Lunes;2019.6;18959.7;5.6;392.7;1144.6
jul-23;18;18/7/2023;Hábil;Martes;1967.6;19307.5;5.9;418.2;1063.0
jul-23;19;19/7/2023;Hábil;Miércoles;2030.8;19409.4;8.6;423.7;1122.8
jul-23;20;20/7/2023;Hábil;Jueves;1904.9;17713.6;11.5;420.3;996.5
jul-23;21;21/7/2023;Hábil;Viernes;1886.7;15518.4;18.1;422.3;977.3
jul-23;22;22/7/2023;No Hábil;Sábado;1920.7;12941.1;21.2;390.6;1049.0
jul-23;23;23/7/2023;No Hábil;Domingo;1780.6;13130.5;12.0;335.3;969.6
jul-23;24;24/7/2023;Hábil;Lunes;1939.6;16685.8;10.3;395.7;1084.4
jul-23;25;25/7/2023;Hábil;Martes;1959.9;17219.3;11.4;420.6;1070.7
jul-23;26;26/7/2023;Hábil;Miércoles;1960.5;16741.9;12.4;413.7;1077.2
jul-23;27;27/7/2023;Hábil;Jueves;1939.4;17186.8;9.2;407.2;1056.8
jul-23;28;28/7/2023;Hábil;Viernes;1978.8;16788.7;10.6;411.9;1077.5
jul-23;29;29/7/2023;No Hábil;Sábado;1887.7;14967.6;12.6;377.4;1030.3
jul-23;30;30/7/2023;No Hábil;Domingo;1745.5;13337.6;14.6;339.2;935.9
jul-23;31;31/7/2023;Hábil;Lunes;1906.9;14617.5;15.3;396.0;1032.6
ago-23;1;1/8/2023;Hábil;Martes;1883.3;14155.0;20.3;410.1;1015.0
ago-23;2;2/8/2023;Hábil;Miércoles;1914.5;14110.0;20.2;418.0;1026.1
ago-23;3;3/8/2023;Hábil;Jueves;1948.6;14997.2;11.0;410.0;1052.2
ago-23;4;4/8/2023;Hábil;Viernes;2011.3;15177.9;11.2;405.4;1121.5
ago-23;5;5/8/2023;No Hábil;Sábado;1926.2;14387.6;11.5;363.5;1082.8
ago-23;6;6/8/2023;No Hábil;Domingo;1783.4;13028.3;15.7;311.7;996.9
ago-23;7;7/8/2023;Hábil;Lunes;1897.3;15776.7;9.1;374.4;1039.9
ago-23;8;8/8/2023;Hábil;Martes;2035.5;16536.8;9.9;397.1;1140.3
ago-23;9;9/8/2023;Hábil;Miércoles;2065.2;16057.5;12.8;400.7;1173.7
ago-23;10;10/8/2023;Hábil;Jueves;2135.6;15391.2;15.3;415.7;1232.2
ago-23;11;11/8/2023;Hábil;Viernes;2186.0;15605.7;12.4;421.0;1278.8
ago-23;12;12/8/2023;No Hábil;Sábado;2080.2;15586.9;7.8;379.3;1212.5
ago-23;13;13/8/2023;No Hábil;Domingo;1941.9;14560.6;9.5;339.8;1091.9
ago-23;14;14/8/2023;Hábil;Lunes;2070.7;15251.6;16.3;402.2;1162.6
ago-23;15;15/8/2023;Hábil;Martes;2162.5;14299.1;17.9;424.7;1273.3
ago-23;16;16/8/2023;Hábil;Miércoles;2218.2;14232.5;19.5;440.0;1302.6
ago-23;17;17/8/2023;Hábil;Jueves;2340.3;15251.3;15.3;433.7;1313.8
ago-23;18;18/8/2023;Hábil;Viernes;2270.7;15529.3;13.2;421.7;1315.4
ago-23;19;19/8/2023;No Hábil;Sábado;2168.0;15266.7;9.4;379.2;1299.9
ago-23;20;20/8/2023;No Hábil;Domingo;1971.7;14371.4;9.3;320.6;1167.6
ago-23;21;21/8/2023;No Hábil;Lunes;1867.0;14358.9;12.3;327.2;1045.6
ago-23;22;22/8/2023;Hábil;Martes;2108.0;15273.4;14.0;389.1;1228.4
ago-23;23;23/8/2023;Hábil;Miércoles;2266.6;16227.6;11.9;399.9;1375.8
ago-23;24;24/8/2023;Hábil;Jueves;2248.1;16212.1;12.2;407.5;1351.5
ago-23;25;25/8/2023;Hábil;Viernes;2248.0;16158.8;11.3;414.6;1357.0
ago-23;26;26/8/2023;No Hábil;Sábado;2105.3;15032.7;9.4;366.2;1246.1
ago-23;27;27/8/2023;No Hábil;Domingo;1996.8;14175.3;9.6;320.3;1178.4
ago-23;28;28/8/2023;Hábil;Lunes;2222.1;16153.2;10.6;396.2;1304.3
ago-23;29;29/8/2023;Hábil;Martes;2284.0;15735.8;12.9;420.5;1352.6
ago-23;30;30/8/2023;Hábil;Miércoles;2320.4;15061.3;14.8;423.1;1380.4
ago-23;31;31/8/2023;Hábil;Jueves;2287.2;14969.1;12.7;411.6;1360.6
sep-23;1;1/9/2023;Hábil;Viernes;2235.6;14409.0;16.4;405.9;1320.8
sep-23;2;2/9/2023;No Hábil;Sábado;2145.5;13692.3;13.6;375.6;1281.5
sep-23;3;3/9/2023;No Hábil;Domingo;2044.0;14408.5;9.8;336.8;1203.6
sep-23;4;4/9/2023;Hábil;Lunes;2255.1;16315.7;10.2;404.8;1334.3
sep-23;5;5/9/2023;Hábil;Martes;2254.6;16810.0;9.1;421.5;1328.0
sep-23;6;6/9/2023;Hábil;Miércoles;2297.5;17161.3;10.8;417.5;1371.9
sep-23;7;7/9/2023;Hábil;Jueves;2018.1;16186.9;14.1;422.3;1097.0
sep-23;8;8/9/2023;Hábil;Viernes;2181.0;15380.1;12.9;418.9;1263.7
sep-23;9;9/9/2023;No Hábil;Sábado;2185.0;13465.0;15.1;369.5;1312.4
sep-23;10;10/9/2023;No Hábil;Domingo;2005.2;12162.7;16.5;336.8;1178.6
sep-23;11;11/9/2023;Hábil;Lunes;2202.9;14002.0;16.2;392.6;1321.3
sep-23;12;12/9/2023;Hábil;Martes;2249.2;14463.1;13.2;402.3;1354.7
sep-23;13;13/9/2023;Hábil;Miércoles;2252.8;14396.8;13.1;409.2;1356.3
sep-23;14;14/9/2023;Hábil;Jueves;2234.9;14379.0;13.7;408.7;1362.8
sep-23;15;15/9/2023;Hábil;Viernes;2305.4;13608.6;18.5;411.5;1426.9
sep-23;16;16/9/2023;No Hábil;Sábado;2127.3;12155.4;19.5;371.8;1295.2
sep-23;17;17/9/2023;No Hábil;Domingo;1989.2;12104.1;15.5;325.4;1207.4
sep-23;18;18/9/2023;Hábil;Lunes;2102.6;14111.0;12.8;384.6;1267.5
sep-23;19;19/9/2023;Hábil;Martes;2236.8;14510.0;13.1;408.0;1372.1
sep-23;20;20/9/2023;Hábil;Miércoles;2212.9;14473.8;15.6;406.9;1330.9
sep-23;21;21/9/2023;Hábil;Jueves;2250.2;14360.5;17.8;414.9;1371.9
sep-23;22;22/9/2023;Hábil;Viernes;2230.1;14820.1;13.9;414.2;1366.4
sep-23;23;23/9/2023;No Hábil;Sábado;2133.1;14096.8;13.8;368.6;1311.9
sep-23;24;24/9/2023;No Hábil;Domingo;1963.7;12874.5;13.7;315.3;1192.9
sep-23;25;25/9/2023;Hábil;Lunes;2140.7;14045.3;13.6;379.8;1314.6
sep-23;26;26/9/2023;Hábil;Martes;2314.4;14683.1;13.1;400.0;1407.9
sep-23;27;27/9/2023;Hábil;Miércoles;2254.0;14099.3;13.6;405.6;1410.0
sep-23;28;28/9/2023;Hábil;Jueves;2246.6;13589.1;15.9;408.3;1424.4
sep-23;29;29/9/2023;Hábil;Viernes;2248.0;13195.0;15.2;407.5;1412.6
sep-23;30;30/9/2023;No Hábil;Sábado;2123.0;12416.5;11.3;360.1;1312.9
oct-23;1;1/10/2023;No Hábil;Domingo;1964.7;11627.7;13.3;319.8;1203.7
oct-23;2;2/10/2023;Hábil;Lunes;2167.3;13374.3;14.4;386.5;1352.3
oct-23;3;3/10/2023;Hábil;Martes;2183.5;13922.2;15.3;396.9;1346.2
oct-23;4;4/10/2023;Hábil;Miércoles;2234.8;13753.5;14.6;399.6;1386.4
oct-23;5;5/10/2023;Hábil;Jueves;2207.2;13496.5;17.1;397.9;1357.7
oct-23;6;6/10/2023;Hábil;Viernes;2258.6;13234.8;18.9;400.7;1417.3
oct-23;7;7/10/2023;No Hábil;Sábado;2084.8;12181.9;16.9;355.8;1295.9
oct-23;8;8/10/2023;No Hábil;Domingo;1914.5;11464.3;19.7;314.8;1166.1
oct-23;9;9/10/2023;Hábil;Lunes;2156.5;13277.3;22.0;388.2;1326.5
oct-23;10;10/10/2023;Hábil;Martes;2200.9;14036.8;21.9;413.3;1362.3
oct-23;11;11/10/2023;Hábil;Miércoles;2179.5;13818.2;12.6;396.8;1360.0
oct-23;12;12/10/2023;Hábil;Jueves;2126.7;13516.1;10.6;391.4;1319.3
oct-23;13;13/10/2023;No Hábil;Viernes;2054.7;12338.6;14.0;364.9;1256.3
oct-23;14;14/10/2023;No Hábil;Sábado;1992.8;11814.5;16.8;340.5;1199.8
oct-23;15;15/10/2023;No Hábil;Domingo;1748.3;11315.7;18.4;318.4;994.4
oct-23;16;16/10/2023;No Hábil;Lunes;1747.8;12608.7;20.5;330.3;996.5
oct-23;17;17/10/2023;Hábil;Martes;2048.5;13402.4;14.4;393.3;1223.9
oct-23;18;18/10/2023;Hábil;Miércoles;2308.2;13405.1;14.2;417.3;1428.2
oct-23;19;19/10/2023;Hábil;Jueves;2311.1;13165.7;17.4;418.9;1425.3
oct-23;20;20/10/2023;Hábil;Viernes;2287.6;13458.3;19.1;412.3;1426.4
oct-23;21;21/10/2023;No Hábil;Sábado;2133.5;13169.4;20.7;381.3;1317.7
oct-23;22;22/10/2023;No Hábil;Domingo;1919.5;12906.6;21.2;338.5;1161.6
oct-23;23;23/10/2023;Hábil;Lunes;2125.4;13895.5;17.5;383.2;1327.4
oct-23;24;24/10/2023;Hábil;Martes;2188.0;13439.1;15.8;389.7;1364.3
oct-23;25;25/10/2023;Hábil;Miércoles;2182.6;13120.8;15.1;391.9;1338.8
oct-23;26;26/10/2023;Hábil;Jueves;2246.0;13147.8;18.2;396.5;1386.5
oct-23;27;27/10/2023;Hábil;Viernes;2262.2;13389.7;21.5;406.7;1389.4
oct-23;28;28/10/2023;No Hábil;Sábado;2125.8;12817.9;23.3;368.9;1297.4
oct-23;29;29/10/2023;No Hábil;Domingo;1927.6;12610.4;20.8;309.0;1183.8
oct-23;30;30/10/2023;Hábil;Lunes;2146.5;13350.8;16.1;376.2;1358.1
oct-23;31;31/10/2023;Hábil;Martes;2188.7;13741.8;13.1;404.0;1370.6
nov-23;1;1/11/2023;Hábil;Miércoles;2239.0;14120.6;13.3;394.3;1416.8
nov-23;2;2/11/2023;Hábil;Jueves;2214.1;14524.4;14.0;383.8;1402.8
nov-23;3;3/11/2023;Hábil;Viernes;2216.7;13949.5;13.8;392.1;1397.0
nov-23;4;4/11/2023;No Hábil;Sábado;2147.7;12242.8;16.4;358.9;1335.5
nov-23;5;5/11/2023;No Hábil;Domingo;1986.9;11077.8;19.3;313.2;1244.3
nov-23;6;6/11/2023;Hábil;Lunes;2174.6;13427.1;21.1;372.8;1365.3
nov-23;7;7/11/2023;Hábil;Martes;2298.5;15403.3;23.4;408.9;1445.7
nov-23;8;8/11/2023;Hábil;Miércoles;2214.0;14803.8;21.3;410.6;1378.5
nov-23;9;9/11/2023;Hábil;Jueves;2285.8;14126.7;19.4;406.1;1437.5
nov-23;10;10/11/2023;Hábil;Viernes;2216.0;14593.7;17.4;404.0;1365.2
nov-23;11;11/11/2023;No Hábil;Sábado;2119.1;13976.2;21.2;377.6;1296.6
nov-23;12;12/11/2023;No Hábil;Domingo;1894.8;13005.0;19.9;334.9;1135.1
nov-23;13;13/11/2023;Hábil;Lunes;2005.7;13435.6;16.9;389.7;1177.7
nov-23;14;14/11/2023;Hábil;Martes;2053.7;13617.5;19.4;421.5;1204.9
nov-23;15;15/11/2023;Hábil;Miércoles;2167.3;14472.9;21.8;422.8;1317.2
nov-23;16;16/11/2023;Hábil;Jueves;2176.9;14334.4;20.4;414.4;1298.2
nov-23;17;17/11/2023;Hábil;Viernes;2202.6;14791.2;21.2;415.4;1322.6
nov-23;18;18/11/2023;No Hábil;Sábado;2055.1;13002.5;18.1;366.2;1249.3
nov-23;19;19/11/2023;No Hábil;Domingo;1901.9;12093.7;20.9;329.4;1127.1
nov-23;20;20/11/2023;No Hábil;Lunes;1835.5;13853.0;24.4;346.9;1026.0
nov-23;21;21/11/2023;Hábil;Martes;2102.4;16006.9;21.4;413.7;1237.1
nov-23;22;22/11/2023;Hábil;Miércoles;2197.5;14796.5;20.9;424.3;1325.6
nov-23;23;23/11/2023;Hábil;Jueves;2191.1;14690.7;23.3;433.0;1322.0
nov-23;24;24/11/2023;Hábil;Viernes;2217.4;14505.3;20.1;429.7;1322.3
nov-23;25;25/11/2023;No Hábil;Sábado;2163.8;13942.1;22.2;393.2;1295.7
nov-23;26;26/11/2023;No Hábil;Domingo;1947.3;14068.7;24.2;349.4;1159.2
nov-23;27;27/11/2023;Hábil;Lunes;2177.1;17146.9;25.4;425.2;1327.7
nov-23;28;28/11/2023;Hábil;Martes;2280.1;18428.2;26.1;445.5;1395.8
nov-23;29;29/11/2023;Hábil;Miércoles;2291.2;16939.2;22.7;437.8;1407.5
nov-23;30;30/11/2023;Hábil;Jueves;2308.4;16717.0;23.9;444.4;1406.7
dic-23;1;1/12/2023;Hábil;Viernes;2273.2;17182.7;22.7;445.4;1371.4
dic-23;2;2/12/2023;No Hábil;Sábado;2148.7;15228.7;23.8;403.8;1306.5
dic-23;3;3/12/2023;No Hábil;Domingo;1950.9;11975.3;16.5;346.2;1174.4
dic-23;4;4/12/2023;Hábil;Lunes;2092.7;12799.3;17.7;405.3;1243.8
dic-23;5;5/12/2023;Hábil;Martes;2256.8;13436.0;19.6;437.2;1357.8
dic-23;6;6/12/2023;Hábil;Miércoles;2200.1;14135.1;21.1;441.3;1310.2
dic-23;7;7/12/2023;Hábil;Jueves;2161.2;14245.7;20.6;433.9;1274.6
dic-23;8;8/12/2023;No Hábil;Viernes;1981.5;13546.9;20.7;387.5;1154.7
dic-23;9;9/12/2023;No Hábil;Sábado;1958.8;13281.4;21.0;367.0;1156.4
dic-23;10;10/12/2023;No Hábil;Domingo;1929.4;13047.8;23.3;341.5;1139.9
dic-23;11;11/12/2023;Hábil;Lunes;2114.2;16352.1;24.7;424.8;1244.3
dic-23;12;12/12/2023;Hábil;Martes;2207.5;18921.7;27.2;464.9;1298.6
dic-23;13;13/12/2023;Hábil;Miércoles;2197.8;18746.5;26.6;461.0;1300.0
dic-23;14;14/12/2023;Hábil;Jueves;2215.9;17965.5;25.2;465.3;1309.3
dic-23;15;15/12/2023;Hábil;Viernes;2222.6;18937.8;27.0;468.6;1292.6
dic-23;16;16/12/2023;No Hábil;Sábado;2014.1;18396.6;27.7;417.1;1148.9
dic-23;17;17/12/2023;No Hábil;Domingo;1566.3;13693.9;19.4;305.7;840.1
dic-23;18;18/12/2023;Hábil;Lunes;1803.6;13888.7;18.2;374.5;1021.8
dic-23;19;19/12/2023;Hábil;Martes;1925.6;12881.5;16.6;401.9;1092.1
dic-23;20;20/12/2023;Hábil;Miércoles;2010.5;13149.3;20.6;420.5;1157.6
dic-23;21;21/12/2023;Hábil;Jueves;2152.3;14482.9;23.3;431.2;1237.0
dic-23;22;22/12/2023;Hábil;Viernes;2084.3;15593.7;23.5;427.6;1225.7
dic-23;23;23/12/2023;No Hábil;Sábado;1922.7;16015.3;26.0;382.4;1110.4
dic-23;24;24/12/2023;No Hábil;Domingo;1543.3;14827.7;23.0;286.5;829.7
dic-23;25;25/12/2023;No Hábil;Lunes;1293.8;12285.2;21.5;246.5;614.8
dic-23;26;26/12/2023;Hábil;Martes;1671.6;14301.9;20.6;354.3;903.3
dic-23;27;27/12/2023;Hábil;Miércoles;1844.5;15925.7;24.4;394.5;983.8
dic-23;28;28/12/2023;Hábil;Jueves;1869.1;17748.2;25.9;401.9;1025.4
dic-23;29;29/12/2023;Hábil;Viernes;1830.2;15916.1;22.5;392.1;1015.7
dic-23;30;30/12/2023;No Hábil;Sábado;1733.3;13665.7;20.4;342.1;959.4
dic-23;31;31/12/2023;No Hábil;Domingo;1455.4;13450.1;23.5;272.8;761.4
ene-24;1;1/1/2024;No Hábil;Lunes;1277.3;13331.5;24.5;257.0;607.7
ene-24;2;2/1/2024;Hábil;Martes;1758.2;16317.5;24.5;373.7;949.4
ene-24;3;3/1/2024;Hábil;Miércoles;2024.7;17057.9;24.9;423.7;1123.8
ene-24;4;4/1/2024;Hábil;Jueves;1982.1;17778.9;25.4;432.2;1085.5
ene-24;5;5/1/2024;Hábil;Viernes;2029.7;18507.2;26.3;441.4;1129.8
ene-24;6;6/1/2024;No Hábil;Sábado;1875.2;16831.4;26.2;398.1;1020.6
ene-24;7;7/1/2024;No Hábil;Domingo;1758.9;15261.6;24.4;346.6;955.3
ene-24;8;8/1/2024;Hábil;Lunes;1986.9;16569.2;24.9;416.9;1110.6
ene-24;9;9/1/2024;Hábil;Martes;2069.7;18005.6;27.2;443.1;1171.8
ene-24;10;10/1/2024;Hábil;Miércoles;2086.0;17740.1;26.0;441.3;1193.0
ene-24;11;11/1/2024;Hábil;Jueves;2089.2;15747.1;23.1;424.8;1209.2
ene-24;12;12/1/2024;Hábil;Viernes;2101.0;15268.0;21.4;421.6;1228.6
ene-24;13;13/1/2024;No Hábil;Sábado;2006.9;15624.9;25.2;399.8;1149.3
ene-24;14;14/1/2024;No Hábil;Domingo;1801.2;15531.5;25.8;343.1;1004.9
ene-24;15;15/1/2024;Hábil;Lunes;2007.9;17375.4;25.3;406.7;1158.2
ene-24;16;16/1/2024;Hábil;Martes;2072.7;16421.3;22.3;404.9;1222.6
ene-24;17;17/1/2024;Hábil;Miércoles;2143.4;16138.9;24.3;421.3;1240.7
ene-24;18;18/1/2024;Hábil;Jueves;2190.5;17331.9;25.6;417.7;1313.7
ene-24;19;19/1/2024;Hábil;Viernes;2125.6;17684.9;24.7;418.6;1257.9
ene-24;20;20/1/2024;No Hábil;Sábado;2020.9;15790.5;22.5;372.5;1153.5
ene-24;21;21/1/2024;No Hábil;Domingo;1853.1;14214.3;22.7;316.1;1032.8
ene-24;22;22/1/2024;Hábil;Lunes;2084.2;15988.8;24.0;401.1;1175.3
ene-24;23;23/1/2024;Hábil;Martes;2233.4;16751.2;24.3;424.9;1260.1
ene-24;24;24/1/2024;Hábil;Miércoles;1927.2;17109.7;25.0;362.7;1043.7
ene-24;25;25/1/2024;Hábil;Jueves;2157.5;17963.5;25.6;408.0;1243.3
ene-24;26;26/1/2024;Hábil;Viernes;2114.0;18292.7;25.8;442.9;1191.0
ene-24;27;27/1/2024;No Hábil;Sábado;2093.9;16910.3;25.6;395.3;1189.5
ene-24;28;28/1/2024;No Hábil;Domingo;1924.3;16182.3;25.3;341.3;1066.7
ene-24;29;29/1/2024;Hábil;Lunes;2049.2;19311.7;26.7;417.0;1117.1
ene-24;30;30/1/2024;Hábil;Martes;2041.6;20762.7;28.3;444.9;1115.9
ene-24;31;31/1/2024;Hábil;Miércoles;2043.3;21966.3;29.5;446.7;1137.9
feb-24;1;1/2/2024;Hábil;Jueves;2013.5;22720.5;30.7;450.4;1088.0
feb-24;2;2/2/2024;Hábil;Viernes;2039.8;22677.0;30.6;451.3;1113.2
feb-24;3;3/2/2024;No Hábil;Sábado;1920.1;20618.3;29.2;405.8;1070.9
feb-24;4;4/2/2024;No Hábil;Domingo;1812.2;16404.0;22.9;335.2;1031.5
feb-24;5;5/2/2024;Hábil;Lunes;1982.0;19568.6;26.2;414.2;1101.4
feb-24;6;6/2/2024;Hábil;Martes;2115.0;21115.5;27.4;441.6;1193.1
feb-24;7;7/2/2024;Hábil;Miércoles;2118.1;22185.2;29.3;450.5;1191.9
feb-24;8;8/2/2024;Hábil;Jueves;2118.3;21236.7;27.3;449.9;1204.0
feb-24;9;9/2/2024;Hábil;Viernes;2062.3;18380.9;25.5;437.3;1157.5
feb-24;10;10/2/2024;No Hábil;Sábado;1944.8;17322.8;26.6;393.4;1087.7
feb-24;11;11/2/2024;No Hábil;Domingo;1872.5;17503.1;28.2;351.0;1045.9
feb-24;12;12/2/2024;No Hábil;Lunes;1731.0;15554.9;23.0;337.5;936.9
feb-24;13;13/2/2024;No Hábil;Martes;1719.6;12322.3;18.4;333.6;913.5
feb-24;14;14/2/2024;Hábil;Miércoles;1942.2;13808.4;20.8;398.0;1063.7
feb-24;15;15/2/2024;Hábil;Jueves;2033.8;15168.4;23.3;424.4;1134.9
feb-24;16;16/2/2024;Hábil;Viernes;2091.0;16507.2;24.5;442.0;1170.1
feb-24;17;17/2/2024;No Hábil;Sábado;2001.9;16235.9;25.7;403.3;1126.2
feb-24;18;18/2/2024;No Hábil;Domingo;1869.8;15461.3;25.5;356.6;1049.6
feb-24;19;19/2/2024;Hábil;Lunes;2092.6;18063.1;25.0;428.7;1201.4
feb-24;20;20/2/2024;Hábil;Martes;2159.2;19160.6;25.7;460.3;1239.5
feb-24;21;21/2/2024;Hábil;Miércoles;2194.8;19796.3;26.7;455.1;1271.6
feb-24;22;22/2/2024;Hábil;Jueves;2239.5;19685.2;26.8;466.2;1299.1
feb-24;23;23/2/2024;Hábil;Viernes;2159.3;17073.4;24.2;458.4;1233.7
feb-24;24;24/2/2024;No Hábil;Sábado;2037.1;15009.4;22.6;411.2;1161.7
feb-24;25;25/2/2024;No Hábil;Domingo;1947.0;13618.6;22.5;355.4;1047.2
feb-24;26;26/2/2024;Hábil;Lunes;2271.1;15477.0;22.9;432.8;1179.2
feb-24;27;27/2/2024;Hábil;Martes;2353.9;16809.2;24.7;466.8;1218.6
feb-24;28;28/2/2024;Hábil;Miércoles;2467.1;18134.5;26.1;478.9;1314.0
feb-24;29;29/2/2024;Hábil;Jueves;2450.0;17802.0;24.6;474.9;1304.1
mar-24;1;1/3/2024;Hábil;Viernes;2414.3;17691.2;24.1;464.3;1282.6
mar-24;2;2/3/2024;No Hábil;Sábado;2171.6;16823.0;24.9;409.3;1189.4
mar-24;3;3/3/2024;No Hábil;Domingo;1896.5;12983.0;20.6;335.2;1027.6
mar-24;4;4/3/2024;Hábil;Lunes;2326.2;14112.3;20.1;410.6;1236.9
mar-24;5;5/3/2024;Hábil;Martes;2394.5;14389.6;19.3;428.1;1292.0
mar-24;6;6/3/2024;Hábil;Miércoles;2201.1;14477.7;20.5;434.4;1088.7
mar-24;7;7/3/2024;Hábil;Jueves;2327.8;15534.1;23.4;450.5;1190.9
mar-24;8;8/3/2024;Hábil;Viernes;2332.1;17114.7;24.2;454.1;1181.4
mar-24;9;9/3/2024;No Hábil;Sábado;2148.6;16120.0;24.7;415.0;1042.9
mar-24;10;10/3/2024;No Hábil;Domingo;1960.1;14635.0;23.5;360.1;999.2
mar-24;11;11/3/2024;Hábil;Lunes;2106.5;16920.4;22.3;416.2;1135.9
mar-24;12;12/3/2024;Hábil;Martes;2077.0;17392.9;20.8;429.6;1136.4
mar-24;13;13/3/2024;Hábil;Miércoles;1948.6;17450.6;22.1;438.7;1020.2
mar-24;14;14/3/2024;Hábil;Jueves;1915.4;17046.8;22.3;436.2;1003.0
mar-24;15;15/3/2024;Hábil;Viernes;1995.2;16139.1;23.6;445.6;1048.7
mar-24;16;16/3/2024;No Hábil;Sábado;1974.5;15191.3;24.4;408.2;1050.8
mar-24;17;17/3/2024;No Hábil;Domingo;1832.1;13584.0;23.0;367.9;986.9
mar-24;18;18/3/2024;Hábil;Lunes;2010.5;15945.6;23.3;441.4;1096.0
mar-24;19;19/3/2024;Hábil;Martes;1926.3;17374.7;23.7;462.9;967.6
mar-24;20;20/3/2024;Hábil;Miércoles;1885.2;17131.5;22.0;456.2;940.6
mar-24;21;21/3/2024;Hábil;Jueves;1842.6;13703.3;17.4;433.8;929.9
mar-24;22;22/3/2024;Hábil;Viernes;1982.7;13127.2;17.2;448.2;1045.3
mar-24;23;23/3/2024;No Hábil;Sábado;1936.0;12332.0;20.1;400.4;1046.6
mar-24;24;24/3/2024;No Hábil;Domingo;1721.5;12733.8;22.9;372.3;865.4
mar-24;25;25/3/2024;Hábil;Lunes;2005.3;15109.4;21.4;448.3;1067.1
mar-24;26;26/3/2024;Hábil;Martes;2123.4;15360.8;20.6;459.8;1172.0
mar-24;27;27/3/2024;Hábil;Miércoles;2097.1;15447.7;22.3;455.5;1176.4
mar-24;28;28/3/2024;No Hábil;Jueves;2037.5;15042.7;23.2;448.1;1108.8
mar-24;29;29/3/2024;No Hábil;Viernes;1783.8;14176.8;23.0;408.0;899.3
mar-24;30;30/3/2024;No Hábil;Sábado;1769.5;15005.2;24.5;388.7;919.0
mar-24;31;31/3/2024;No Hábil;Domingo;1690.9;12903.1;19.2;358.1;883.1
abr-24;1;1/4/2024;Hábil;Lunes;1573.9;12076.9;17.8;355.8;767.1
abr-24;2;2/4/2024;Hábil;Martes;1594.2;11952.5;17.5;367.4;770.8
abr-24;3;3/4/2024;Hábil;Miércoles;1920.4;13564.1;17.7;437.2;1024.4
abr-24;4;4/4/2024;Hábil;Jueves;2052.1;13473.3;18.1;457.9;1144.0
abr-24;5;5/4/2024;Hábil;Viernes;2086.3;13607.2;20.0;462.3;1176.2
abr-24;6;6/4/2024;No Hábil;Sábado;1961.1;12390.9;20.7;418.1;1080.3
abr-24;7;7/4/2024;No Hábil;Domingo;1802.3;11635.3;20.7;377.1;978.0
abr-24;8;8/4/2024;Hábil;Lunes;2032.4;13170.5;20.4;447.1;1143.2
abr-24;9;9/4/2024;Hábil;Martes;2085.3;13662.7;20.6;466.7;1190.0
abr-24;10;10/4/2024;Hábil;Miércoles;2030.6;12994.7;15.5;443.1;1128.9
abr-24;11;11/4/2024;Hábil;Jueves;2024.2;12869.5;14.7;442.6;1124.2
abr-24;12;12/4/2024;Hábil;Viernes;2055.2;13039.0;16.9;441.4;1165.2
abr-24;13;13/4/2024;No Hábil;Sábado;1974.4;12242.1;18.2;400.4;1126.5
abr-24;14;14/4/2024;No Hábil;Domingo;1796.5;11656.4;20.3;357.6;983.8
abr-24;15;15/4/2024;Hábil;Lunes;2035.5;12921.0;21.7;424.0;1163.1
abr-24;16;16/4/2024;Hábil;Martes;2109.2;12998.2;17.0;452.7;1187.4
abr-24;17;17/4/2024;Hábil;Miércoles;2058.7;12927.8;17.8;445.1;1132.1
abr-24;18;18/4/2024;Hábil;Jueves;2140.3;12682.9;17.0;442.1;1215.6
abr-24;19;19/4/2024;Hábil;Viernes;2146.1;12660.6;20.5;444.9;1203.3
abr-24;20;20/4/2024;No Hábil;Sábado;1996.1;11903.4;21.6;408.2;1118.9
abr-24;21;21/4/2024;No Hábil;Domingo;1827.2;11584.3;20.2;356.4;997.4
abr-24;22;22/4/2024;Hábil;Lunes;2055.0;13131.9;18.5;423.0;1152.4
abr-24;23;23/4/2024;Hábil;Martes;2130.9;13210.4;18.2;446.6;1205.2
abr-24;24;24/4/2024;Hábil;Miércoles;2083.9;13243.3;14.2;433.3;1182.5
abr-24;25;25/4/2024;Hábil;Jueves;2104.5;13512.5;15.6;438.2;1194.7
abr-24;26;26/4/2024;Hábil;Viernes;2111.3;13713.6;17.6;443.5;1198.7
abr-24;27;27/4/2024;No Hábil;Sábado;1973.7;12902.4;14.1;399.5;1116.8
abr-24;28;28/4/2024;No Hábil;Domingo;1807.6;11841.7;14.1;360.3;1000.0
abr-24;29;29/4/2024;Hábil;Lunes;2000.6;13546.5;16.6;388.3;1151.5
abr-24;30;30/4/2024;Hábil;Martes;2032.2;13718.4;18.6;349.6;1224.4
may-24;1;1/5/2024;No Hábil;Miércoles;1590.3;12700.2;14.9;315.2;763.7
may-24;2;2/5/2024;Hábil;Jueves;1877.3;14180.5;11.7;399.0;944.8
may-24;3;3/5/2024;Hábil;Viernes;2087.0;14664.8;11.5;418.5;1119.1
may-24;4;4/5/2024;No Hábil;Sábado;1941.3;13334.4;14.7;381.1;1029.6
may-24;5;5/5/2024;No Hábil;Domingo;1740.2;12145.9;18.8;343.5;885.7
may-24;6;6/5/2024;Hábil;Lunes;1962.9;13818.3;18.3;418.5;1021.8
may-24;7;7/5/2024;Hábil;Martes;2066.7;14218.4;18.2;443.8;1097.2
may-24;8;8/5/2024;Hábil;Miércoles;2252.3;14207.9;15.3;425.4;1183.5
may-24;9;9/5/2024;Hábil;Jueves;1849.0;14485.0;11.0;288.6;888.2
may-24;10;10/5/2024;Hábil;Viernes;2125.6;14677.8;13.0;375.6;1079.8
may-24;11;11/5/2024;No Hábil;Sábado;2140.7;13749.6;12.8;392.4;1077.4
may-24;12;12/5/2024;No Hábil;Domingo;1989.9;13958.5;10.3;351.5;962.6
may-24;13;13/5/2024;Hábil;Lunes;2218.3;16405.6;8.6;408.7;1142.9
may-24;14;14/5/2024;Hábil;Martes;2320.9;17009.5;8.3;430.2;1218.8
may-24;15;15/5/2024;Hábil;Miércoles;2299.7;16949.6;10.3;428.1;1184.4
may-24;16;16/5/2024;Hábil;Jueves;2333.5;16401.0;12.4;418.2;1233.7
may-24;17;17/5/2024;Hábil;Viernes;2308.1;16616.4;8.9;425.9;1218.3
may-24;18;18/5/2024;No Hábil;Sábado;2169.6;15715.7;8.2;391.5;1107.8
may-24;19;19/5/2024;No Hábil;Domingo;1991.0;15052.0;8.5;351.4;964.2
may-24;20;20/5/2024;Hábil;Lunes;2212.1;16727.9;11.3;413.4;1123.1
may-24;21;21/5/2024;Hábil;Martes;2331.7;16638.6;12.9;436.4;1228.5
may-24;22;22/5/2024;Hábil;Miércoles;2350.9;16551.1;12.2;435.6;1251.3
may-24;23;23/5/2024;Hábil;Jueves;2309.3;16910.1;12.5;432.1;1218.8
may-24;24;24/5/2024;Hábil;Viernes;2290.3;17441.6;8.4;427.1;1204.4
may-24;25;25/5/2024;No Hábil;Sábado;1964.3;16426.8;6.4;376.7;927.3
may-24;26;26/5/2024;No Hábil;Domingo;1962.6;16461.0;8.1;355.4;940.8
may-24;27;27/5/2024;Hábil;Lunes;2276.5;18297.6;9.1;430.1;1175.2
may-24;28;28/5/2024;Hábil;Martes;2396.4;18024.0;10.5;442.0;1272.0
may-24;29;29/5/2024;Hábil;Miércoles;2333.5;17117.0;13.4;427.5;1224.7
may-24;30;30/5/2024;Hábil;Jueves;2312.7;16113.2;14.4;423.5;1223.4
may-24;31;31/5/2024;Hábil;Viernes;2348.6;14153.6;13.7;436.3;1241.7
jun-24;1;1/6/2024;No Hábil;Sábado;2138.5;13855.3;16.4;390.1;1079.2
jun-24;2;2/6/2024;No Hábil;Domingo;1917.8;14093.8;11.4;331.2;925.1
jun-24;3;3/6/2024;Hábil;Lunes;2233.0;16851.1;7.4;389.9;1158.0
jun-24;4;4/6/2024;Hábil;Martes;2370.5;17360.0;10.4;410.3;1269.2
jun-24;5;5/6/2024;Hábil;Miércoles;2334.5;16441.5;13.6;420.2;1226.1
jun-24;6;6/6/2024;Hábil;Jueves;2286.4;14990.2;15.6;424.5;1181.1
jun-24;7;7/6/2024;Hábil;Viernes;2299.4;14208.2;16.8;427.3;1193.9
jun-24;8;8/6/2024;No Hábil;Sábado;2161.1;12671.2;19.1;394.3;1092.1
jun-24;9;9/6/2024;No Hábil;Domingo;1952.3;11706.5;20.7;348.2;939.8
jun-24;10;10/6/2024;Hábil;Lunes;2166.9;13535.2;14.6;391.9;1099.3
jun-24;11;11/6/2024;Hábil;Martes;2279.9;14408.1;14.5;415.8;1180.2
jun-24;12;12/6/2024;Hábil;Miércoles;2293.3;14153.2;17.9;409.7;1195.5
jun-24;13;13/6/2024;Hábil;Jueves;2263.0;13439.1;23.0;416.3;1161.5
jun-24;14;14/6/2024;Hábil;Viernes;2275.9;13360.4;18.6;424.2;1163.0
jun-24;15;15/6/2024;No Hábil;Sábado;2115.3;12858.7;14.0;384.8;1051.7
jun-24;16;16/6/2024;No Hábil;Domingo;1877.0;12240.7;13.0;332.5;868.8
jun-24;17;17/6/2024;No Hábil;Lunes;1838.6;13182.8;12.8;350.5;808.1
jun-24;18;18/6/2024;Hábil;Martes;2025.1;14279.4;15.9;413.5;933.6
jun-24;19;19/6/2024;Hábil;Miércoles;2122.7;14194.1;14.4;413.5;997.2
jun-24;20;20/6/2024;No Hábil;Jueves;1925.8;13748.9;11.8;373.0;848.2
jun-24;21;21/6/2024;No Hábil;Viernes;1797.6;13416.6;15.9;354.3;782.5
jun-24;22;22/6/2024;No Hábil;Sábado;1857.8;12755.7;16.3;353.1;852.9
jun-24;23;23/6/2024;No Hábil;Domingo;1846.9;13130.8;11.5;331.2;866.3
jun-24;24;24/6/2024;Hábil;Lunes;2114.7;16386.7;7.9;401.3;1035.2
jun-24;25;25/6/2024;Hábil;Martes;2280.6;17518.0;8.4;433.1;1150.2
jun-24;26;26/6/2024;Hábil;Miércoles;2238.9;17468.2;9.4;430.4;1132.9
jun-24;27;27/6/2024;Hábil;Jueves;2222.4;16757.2;12.6;400.8;1140.0
jun-24;28;28/6/2024;Hábil;Viernes;2193.8;16956.3;9.1;379.9;1135.1
jun-24;29;29/6/2024;No Hábil;Sábado;2075.1;16835.3;5.2;381.2;1023.7
jun-24;30;30/6/2024;No Hábil;Domingo;1904.3;16043.5;7.9;340.5;878.3
jul-24;1;1/7/2024;Hábil;Lunes;2064.9;16994.0;11.5;405.1;980.4
jul-24;2;2/7/2024;Hábil;Martes;2111.1;16455.7;12.6;427.6;1001.6
jul-24;3;3/7/2024;Hábil;Miércoles;2133.7;16796.0;8.4;428.8;1024.4
jul-24;4;4/7/2024;Hábil;Jueves;2185.4;17564.7;6.5;438.9;1069.5
jul-24;5;5/7/2024;Hábil;Viernes;2202.4;18368.0;5.4;433.4;1070.3
jul-24;6;6/7/2024;No Hábil;Sábado;2081.7;17641.1;5.2;393.2;1032.4
jul-24;7;7/7/2024;No Hábil;Domingo;1951.5;16650.5;6.5;346.4;921.0
jul-24;8;8/7/2024;Hábil;Lunes;2127.1;18941.7;4.0;401.2;1033.1
jul-24;9;9/7/2024;No Hábil;Martes;2020.7;18314.1;3.3;375.9;881.5
jul-24;10;10/7/2024;Hábil;Miércoles;2191.3;20014.8;3.5;422.1;1000.4
jul-24;11;11/7/2024;Hábil;Jueves;2269.9;19900.5;5.0;427.6;1116.5
jul-24;12;12/7/2024;Hábil;Viernes;2340.2;19380.8;6.7;423.2;1151.0
jul-24;13;13/7/2024;No Hábil;Sábado;2207.7;17664.7;6.6;395.6;1075.1
jul-24;14;14/7/2024;No Hábil;Domingo;2064.4;16484.8;6.3;360.0;973.2
jul-24;15;15/7/2024;Hábil;Lunes;2273.7;18146.4;9.8;420.8;1124.4
jul-24;16;16/7/2024;Hábil;Martes;2399.0;17175.1;11.5;447.2;1229.5
jul-24;17;17/7/2024;Hábil;Miércoles;2393.6;16225.6;12.5;434.1;1223.3
jul-24;18;18/7/2024;Hábil;Jueves;2334.2;15702.0;13.3;424.3;1207.0
jul-24;19;19/7/2024;Hábil;Viernes;2308.4;16235.3;11.0;430.7;1230.1
jul-24;20;20/7/2024;No Hábil;Sábado;2153.5;16166.9;9.6;390.1;1097.3
jul-24;21;21/7/2024;No Hábil;Domingo;1972.1;14912.9;12.3;351.4;936.8
jul-24;22;22/7/2024;Hábil;Lunes;2167.0;16384.5;12.2;416.0;1069.6
jul-24;23;23/7/2024;Hábil;Martes;2239.1;16167.6;12.4;421.2;1147.0
jul-24;24;24/7/2024;Hábil;Miércoles;2273.6;15272.0;16.3;423.4;1174.8
jul-24;25;25/7/2024;Hábil;Jueves;2277.6;14848.7;14.0;435.8;1154.1
jul-24;26;26/7/2024;Hábil;Viernes;2252.7;14797.5;12.5;424.9;1140.7
jul-24;27;27/7/2024;No Hábil;Sábado;2119.6;13981.5;11.5;387.1;1054.6
jul-24;28;28/7/2024;No Hábil;Domingo;1889.6;13841.9;9.3;346.3;872.6
jul-24;29;29/7/2024;Hábil;Lunes;2144.7;16678.1;6.7;422.1;1048.2
jul-24;30;30/7/2024;Hábil;Martes;2323.5;17466.5;8.9;439.7;1208.9
jul-24;31;31/7/2024;Hábil;Miércoles;2257.7;16382.5;13.6;445.7;1126.6
ago-24;1;1/8/2024;Hábil;Jueves;2250.7;14739.7;19.2;442.8;1113.1
ago-24;2;2/8/2024;Hábil;Viernes;2292.5;13552.3;24.0;443.4;1160.7
ago-24;3;3/8/2024;No Hábil;Sábado;2047.7;12252.1;16.1;386.5;988.4
ago-24;4;4/8/2024;No Hábil;Domingo;1874.8;12387.9;12.6;353.7;851.0
ago-24;5;5/8/2024;Hábil;Lunes;2097.0;14796.6;13.6;406.2;1020.8
ago-24;6;6/8/2024;Hábil;Martes;2131.9;14850.7;16.2;375.2;1086.1
ago-24;7;7/8/2024;Hábil;Miércoles;2089.7;15734.0;10.6;347.9;1076.4
ago-24;8;8/8/2024;Hábil;Jueves;2124.8;17350.8;7.9;347.6;1106.0
ago-24;9;9/8/2024;Hábil;Viernes;2315.1;17529.1;7.1;352.1;1285.4
ago-24;10;10/8/2024;No Hábil;Sábado;2072.2;15795.0;10.4;309.0;1086.9
ago-24;11;11/8/2024;No Hábil;Domingo;1819.5;14224.3;11.4;268.6;890.8
ago-24;12;12/8/2024;Hábil;Lunes;2066.8;16536.0;7.8;347.2;1045.5
ago-24;13;13/8/2024;Hábil;Martes;2241.4;16179.5;12.0;429.8;1135.1
ago-24;14;14/8/2024;Hábil;Miércoles;2335.4;15371.3;13.3;438.9;1222.9
ago-24;15;15/8/2024;Hábil;Jueves;2321.1;14581.0;13.4;443.7;1202.0
ago-24;16;16/8/2024;Hábil;Viernes;2339.0;15348.4;9.9;440.7;1225.1
ago-24;17;17/8/2024;No Hábil;Sábado;1960.3;14058.3;12.2;379.7;912.7
ago-24;18;18/8/2024;No Hábil;Domingo;1932.1;13394.4;12.8;355.0;912.8
ago-24;19;19/8/2024;Hábil;Lunes;2172.5;15952.5;11.7;423.5;1068.5
ago-24;20;20/8/2024;Hábil;Martes;2245.4;17305.8;9.1;432.9;1124.8
ago-24;21;21/8/2024;Hábil;Miércoles;2295.7;17239.5;12.1;430.9;1168.7
ago-24;22;22/8/2024;Hábil;Jueves;2327.6;17681.8;9.2;428.2;1187.4
ago-24;23;23/8/2024;Hábil;Viernes;2221.3;17540.7;8.0;434.4;1146.6
ago-24;24;24/8/2024;No Hábil;Sábado;2093.6;16125.9;8.9;396.2;1014.4
ago-24;25;25/8/2024;No Hábil;Domingo;1936.5;15160.1;7.3;349.5;919.8
ago-24;26;26/8/2024;Hábil;Lunes;2140.5;16629.9;8.7;416.6;1045.3
ago-24;27;27/8/2024;Hábil;Martes;2286.3;15944.8;11.3;439.6;1175.3
ago-24;28;28/8/2024;Hábil;Miércoles;2311.5;15294.0;12.6;441.4;1160.1
ago-24;29;29/8/2024;Hábil;Jueves;2322.9;14766.7;13.0;439.8;1197.4
ago-24;30;30/8/2024;Hábil;Viernes;2305.0;15968.7;11.0;438.0;1184.6
ago-24;31;31/8/2024;No Hábil;Sábado;2120.5;15317.4;11.0;399.9;1040.9
sep-24;1;1/9/2024;No Hábil;Domingo;1932.3;13919.1;12.0;359.8;888.2
sep-24;2;2/9/2024;Hábil;Lunes;2174.5;14612.4;12.8;427.1;1123.7
sep-24;3;3/9/2024;Hábil;Martes;2378.7;14188.7;14.7;442.7;1259.6
sep-24;4;4/9/2024;Hábil;Miércoles;2367.9;14187.2;13.9;442.7;1253.9
sep-24;5;5/9/2024;Hábil;Jueves;2336.3;14309.1;11.6;445.5;1208.5
sep-24;6;6/9/2024;Hábil;Viernes;2366.4;13884.4;15.7;449.5;1231.6
sep-24;7;7/9/2024;No Hábil;Sábado;2034.9;12422.1;15.8;411.0;942.5
sep-24;8;8/9/2024;No Hábil;Domingo;1944.4;11544.1;15.0;359.2;907.2
sep-24;9;9/9/2024;Hábil;Lunes;2193.8;13351.5;15.4;415.8;1088.9
sep-24;10;10/9/2024;Hábil;Martes;2396.9;13664.0;16.4;432.1;1275.7
sep-24;11;11/9/2024;Hábil;Miércoles;2388.6;13750.5;14.6;444.2;1255.3
sep-24;12;12/9/2024;Hábil;Jueves;2452.9;13685.1;13.6;444.8;1314.7
sep-24;13;13/9/2024;Hábil;Viernes;2492.7;13498.3;14.5;455.6;1348.9
sep-24;14;14/9/2024;No Hábil;Sábado;2205.7;12329.3;13.1;411.0;1188.8
sep-24;15;15/9/2024;No Hábil;Domingo;1842.3;11714.9;13.9;352.5;958.1
sep-24;16;16/9/2024;Hábil;Lunes;2044.8;13037.7;17.9;422.9;1094.2
sep-24;17;17/9/2024;Hábil;Martes;2192.1;13228.2;18.4;444.1;1230.3
sep-24;18;18/9/2024;Hábil;Miércoles;2227.7;13310.4;19.9;451.5;1252.9
sep-24;19;19/9/2024;Hábil;Jueves;2223.1;13462.5;19.3;443.4;1254.5
sep-24;20;20/9/2024;Hábil;Viernes;2202.5;13282.9;16.9;442.8;1237.0
sep-24;21;21/9/2024;No Hábil;Sábado;2064.4;12331.2;19.3;398.5;1144.6
sep-24;22;22/9/2024;No Hábil;Domingo;1831.9;12086.3;18.5;354.0;967.0
sep-24;23;23/9/2024;Hábil;Lunes;2038.6;13723.1;16.0;417.3;1128.5
sep-24;24;24/9/2024;Hábil;Martes;2164.6;13715.8;16.5;437.1;1243.8
sep-24;25;25/9/2024;Hábil;Miércoles;2239.1;13499.3;16.5;448.4;1270.3
sep-24;26;26/9/2024;Hábil;Jueves;2233.8;13209.7;14.6;433.1;1274.6
sep-24;27;27/9/2024;Hábil;Viernes;2222.9;13120.8;14.8;431.9;1272.2
sep-24;28;28/9/2024;No Hábil;Sábado;2008.9;12061.4;19.0;389.3;1103.0
sep-24;29;29/9/2024;No Hábil;Domingo;1792.9;11692.2;20.9;352.4;922.8
sep-24;30;30/9/2024;Hábil;Lunes;2073.6;14280.6;22.6;420.7;1144.2
oct-24;1;1/10/2024;Hábil;Martes;2146.6;14185.0;16.5;425.8;1208.4
oct-24;2;2/10/2024;Hábil;Miércoles;2178.8;13180.7;14.4;423.2;1240.7
oct-24;3;3/10/2024;Hábil;Jueves;2169.1;13006.7;13.6;422.7;1225.6
oct-24;4;4/10/2024;Hábil;Viernes;2189.6;13036.6;16.8;429.1;1237.9
oct-24;5;5/10/2024;No Hábil;Sábado;2011.8;12334.2;19.2;388.6;1101.7
oct-24;6;6/10/2024;No Hábil;Domingo;1835.1;11896.8;18.0;347.3;961.7
oct-24;7;7/10/2024;Hábil;Lunes;2100.7;13116.4;18.4;417.2;1155.2
oct-24;8;8/10/2024;Hábil;Martes;2218.5;12914.8;16.3;436.3;1243.3
oct-24;9;9/10/2024;Hábil;Miércoles;2244.3;12763.0;16.6;436.6;1254.9
oct-24;10;10/10/2024;Hábil;Jueves;2236.1;12492.1;18.4;422.6;1275.5
oct-24;11;11/10/2024;No Hábil;Viernes;1878.2;11698.5;21.0;381.9;955.5
oct-24;12;12/10/2024;No Hábil;Sábado;1731.8;11286.2;18.3;359.4;837.9
oct-24;13;13/10/2024;No Hábil;Domingo;1767.6;11192.9;18.2;351.7;895.0
oct-24;14;14/10/2024;Hábil;Lunes;2077.1;13085.8;18.2;411.4;1150.0
oct-24;15;15/10/2024;Hábil;Martes;2161.6;13405.8;19.7;437.1;1195.6
oct-24;16;16/10/2024;Hábil;Miércoles;2173.4;13552.6;20.5;438.7;1201.7
oct-24;17;17/10/2024;Hábil;Jueves;2216.9;13643.5;19.9;426.7;1264.6
oct-24;18;18/10/2024;Hábil;Viernes;2223.8;13277.6;20.5;439.8;1268.0
oct-24;19;19/10/2024;No Hábil;Sábado;2069.2;12473.1;22.0;406.6;1150.5
oct-24;20;20/10/2024;No Hábil;Domingo;1853.2;12193.9;24.2;367.8;971.3
oct-24;21;21/10/2024;Hábil;Lunes;2080.6;16225.9;26.7;445.6;1114.0
oct-24;22;22/10/2024;Hábil;Martes;2245.9;16098.9;23.4;454.7;1268.3
oct-24;23;23/10/2024;Hábil;Miércoles;2243.0;14768.7;20.7;428.8;1290.6
oct-24;24;24/10/2024;Hábil;Jueves;2206.3;13697.6;17.4;425.4;1260.9
oct-24;25;25/10/2024;Hábil;Viernes;2208.1;13305.0;15.0;437.4;1249.7
oct-24;26;26/10/2024;No Hábil;Sábado;2027.0;11788.5;16.4;393.2;1112.0
oct-24;27;27/10/2024;No Hábil;Domingo;1823.9;11119.1;20.5;352.3;954.4
oct-24;28;28/10/2024;Hábil;Lunes;2115.6;13867.5;23.3;428.6;1176.7
oct-24;29;29/10/2024;Hábil;Martes;2222.5;15658.1;24.7;435.7;1286.0
oct-24;30;30/10/2024;Hábil;Miércoles;2217.1;16522.6;24.9;438.3;1276.1
oct-24;31;31/10/2024;Hábil;Jueves;2273.9;16333.0;23.8;445.6;1314.9
nov-24;1;1/11/2024;Hábil;Viernes;2272.7;16789.4;25.7;458.6;1298.4
nov-24;2;2/11/2024;No Hábil;Sábado;2033.1;14040.6;21.9;408.7;1105.2
nov-24;3;3/11/2024;No Hábil;Domingo;1848.1;12432.5;19.5;354.9;968.9
nov-24;4;4/11/2024;Hábil;Lunes;2183.4;14769.4;19.0;421.5;1238.0
nov-24;5;5/11/2024;Hábil;Martes;2304.7;13947.3;19.2;447.6;1325.1
nov-24;6;6/11/2024;Hábil;Miércoles;2296.3;14146.6;20.9;442.1;1320.4
nov-24;7;7/11/2024;Hábil;Jueves;2359.3;13919.2;19.4;433.6;1393.5
nov-24;8;8/11/2024;Hábil;Viernes;2388.6;13761.2;19.6;453.3;1410.7
nov-24;9;9/11/2024;No Hábil;Sábado;2194.8;13470.4;22.4;420.6;1243.2
nov-24;10;10/11/2024;No Hábil;Domingo;1971.0;13218.8;22.9;376.4;1065.5
nov-24;11;11/11/2024;Hábil;Lunes;2188.7;13410.5;17.2;422.7;1232.3
nov-24;12;12/11/2024;Hábil;Martes;2284.4;13237.8;17.2;440.8;1314.0
nov-24;13;13/11/2024;Hábil;Miércoles;2280.4;14117.0;20.8;444.7;1300.6
nov-24;14;14/11/2024;Hábil;Jueves;2297.8;15435.7;23.6;457.8;1310.4
nov-24;15;15/11/2024;Hábil;Viernes;2281.6;16734.1;25.5;469.1;1277.9
nov-24;16;16/11/2024;No Hábil;Sábado;2138.8;16301.2;26.8;426.4;1183.7
nov-24;17;17/11/2024;No Hábil;Domingo;1896.7;12764.8;17.4;362.9;1010.5
nov-24;18;18/11/2024;No Hábil;Lunes;1767.0;11975.2;18.4;367.8;875.7
nov-24;19;19/11/2024;Hábil;Martes;2064.5;13082.0;19.0;434.9;1107.3
nov-24;20;20/11/2024;Hábil;Miércoles;2224.3;13801.2;21.6;455.6;1241.9
nov-24;21;21/11/2024;Hábil;Jueves;2265.7;14152.7;21.8;459.6;1280.8
nov-24;22;22/11/2024;Hábil;Viernes;2263.6;15141.9;22.3;465.8;1268.7
nov-24;23;23/11/2024;No Hábil;Sábado;2073.8;14753.3;23.4;415.8;1130.9
nov-24;24;24/11/2024;No Hábil;Domingo;1866.2;15218.4;25.5;370.5;975.1
nov-24;25;25/11/2024;Hábil;Lunes;2142.5;16884.0;24.2;431.4;1184.0
nov-24;26;26/11/2024;Hábil;Martes;2175.7;16435.5;23.5;450.9;1197.6
nov-24;27;27/11/2024;Hábil;Miércoles;2210.3;15935.9;22.2;447.4;1236.0
nov-24;28;28/11/2024;Hábil;Jueves;2203.3;15486.0;23.0;439.0;1244.6
nov-24;29;29/11/2024;Hábil;Viernes;2204.0;15077.2;22.6;439.2;1240.3
nov-24;30;30/11/2024;No Hábil;Sábado;2024.0;13891.9;21.7;399.2;1102.8
dic-24;1;1/12/2024;No Hábil;Domingo;1878.8;12726.0;19.7;348.2;1003.3
dic-24;2;2/12/2024;Hábil;Lunes;2061.9;13155.6;17.7;398.7;1131.7
dic-24;3;3/12/2024;Hábil;Martes;2134.4;13218.5;17.0;421.4;1183.4
dic-24;4;4/12/2024;Hábil;Miércoles;2167.9;14089.7;21.5;431.1;1198.3
dic-24;5;5/12/2024;Hábil;Jueves;2158.8;15905.6;24.8;432.5;1182.9
dic-24;6;6/12/2024;Hábil;Viernes;2150.7;16010.1;22.4;439.8;1168.3
dic-24;7;7/12/2024;No Hábil;Sábado;1971.2;12905.5;16.4;379.9;1050.0
dic-24;8;8/12/2024;No Hábil;Domingo;1692.0;11246.0;17.0;334.5;822.2
dic-24;9;9/12/2024;Hábil;Lunes;2041.0;13220.9;19.5;419.3;1088.2
dic-24;10;10/12/2024;Hábil;Martes;2156.3;14936.3;23.0;454.7;1171.8
dic-24;11;11/12/2024;Hábil;Miércoles;2182.7;16224.1;24.7;456.8;1192.4
dic-24;12;12/12/2024;Hábil;Jueves;2166.9;17564.5;25.8;458.9;1177.2
dic-24;13;13/12/2024;Hábil;Viernes;2144.9;16045.1;23.4;449.0;1160.8
dic-24;14;14/12/2024;No Hábil;Sábado;2061.1;14652.0;22.4;396.6;1067.5
dic-24;15;15/12/2024;No Hábil;Domingo;1902.0;13411.5;21.4;347.5;960.7
dic-24;16;16/12/2024;Hábil;Lunes;2091.4;15451.8;20.5;423.7;1074.3
dic-24;17;17/12/2024;Hábil;Martes;2138.5;16321.2;23.1;449.1;1095.2
dic-24;18;18/12/2024;Hábil;Miércoles;2146.7;16149.8;24.5;445.3;1126.7
dic-24;19;19/12/2024;Hábil;Jueves;2034.4;16216.7;24.2;436.2;1073.7
dic-24;20;20/12/2024;Hábil;Viernes;2044.2;16598.1;24.6;443.0;1084.4
dic-24;21;21/12/2024;No Hábil;Sábado;1883.3;13927.1;19.3;388.9;983.4
dic-24;22;22/12/2024;No Hábil;Domingo;1644.1;13140.3;21.5;348.1;783.1
dic-24;23;23/12/2024;Hábil;Lunes;1840.5;15911.9;24.8;410.3;917.6
dic-24;24;24/12/2024;Hábil;Martes;1630.5;13644.3;20.7;346.7;781.8
dic-24;25;25/12/2024;No Hábil;Miércoles;1373.3;11324.2;17.8;269.2;601.6
dic-24;26;26/12/2024;Hábil;Jueves;1689.8;14020.2;20.7;384.6;780.3
dic-24;27;27/12/2024;Hábil;Viernes;1792.0;15255.5;22.1;417.9;852.7
dic-24;28;28/12/2024;No Hábil;Sábado;1704.8;14880.5;22.3;379.1;813.0
dic-24;29;29/12/2024;No Hábil;Domingo;1607.3;14160.5;22.6;337.6;754.4
dic-24;30;30/12/2024;Hábil;Lunes;1729.4;16221.1;23.8;403.4;814.7
dic-24;31;31/12/2024;Hábil;Martes;1590.1;16189.1;25.6;351.5;729.2
ene-25;1;1/1/2025;No Hábil;Miércoles;1370.2;14880.8;26.3;271.2;595.8
ene-25;2;2/1/2025;Hábil;Jueves;1662.1;17051.5;24.7;381.7;767.8
ene-25;3;3/1/2025;Hábil;Viernes;1723.2;16382.4;21.6;400.1;807.9
ene-25;4;4/1/2025;No Hábil;Sábado;1678.2;15534.3;21.1;359.6;797.7
ene-25;5;5/1/2025;No Hábil;Domingo;1588.8;14744.7;22.3;325.3;747.5
ene-25;6;6/1/2025;Hábil;Lunes;1772.8;16599.8;22.9;386.4;874.2
ene-25;7;7/1/2025;Hábil;Martes;1862.8;17260.5;24.4;412.5;945.6
ene-25;8;8/1/2025;Hábil;Miércoles;1872.4;17968.5;25.4;421.1;941.9
ene-25;9;9/1/2025;Hábil;Jueves;1883.7;17800.1;26.0;426.4;938.8
ene-25;10;10/1/2025;Hábil;Viernes;1911.6;17701.8;25.5;430.8;960.0
ene-25;11;11/1/2025;No Hábil;Sábado;1814.4;16367.8;25.1;377.9;913.0
ene-25;12;12/1/2025;No Hábil;Domingo;1666.6;15827.3;25.4;331.0;795.4
ene-25;13;13/1/2025;Hábil;Lunes;1890.2;18426.5;26.6;405.2;963.0
ene-25;14;14/1/2025;Hábil;Martes;2081.6;19288.6;27.2;429.0;1133.9
ene-25;15;15/1/2025;Hábil;Miércoles;2028.3;20352.3;28.3;445.6;1063.1
ene-25;16;16/1/2025;Hábil;Jueves;2092.1;21099.3;29.5;442.2;1130.9
ene-25;17;17/1/2025;Hábil;Viernes;2150.1;20194.1;27.2;449.1;1180.3
ene-25;18;18/1/2025;No Hábil;Sábado;1963.7;17343.6;25.0;397.8;1047.8
ene-25;19;19/1/2025;No Hábil;Domingo;1768.4;14566.2;22.5;342.7;914.3
ene-25;20;20/1/2025;Hábil;Lunes;2091.5;15429.5;22.7;416.3;1154.3
ene-25;21;21/1/2025;Hábil;Martes;2206.6;17045.9;24.2;446.6;1239.8
ene-25;22;22/1/2025;Hábil;Miércoles;2203.5;19320.4;28.2;466.3;1217.4
ene-25;23;23/1/2025;Hábil;Jueves;2264.5;20519.7;29.0;468.4;1273.8
ene-25;24;24/1/2025;Hábil;Viernes;2279.1;19497.6;27.2;452.5;1292.0
ene-25;25;25/1/2025;No Hábil;Sábado;2072.0;17289.4;26.7;410.9;1130.9
ene-25;26;26/1/2025;No Hábil;Domingo;1861.9;16468.2;27.3;363.0;959.5
ene-25;27;27/1/2025;Hábil;Lunes;2156.0;18565.0;25.9;435.1;1193.7
ene-25;28;28/1/2025;Hábil;Martes;2253.6;18084.7;25.4;454.4;1282.5
ene-25;29;29/1/2025;Hábil;Miércoles;2231.6;18330.9;25.9;467.6;1240.8
ene-25;30;30/1/2025;Hábil;Jueves;2325.1;19275.2;26.2;467.5;1311.7
ene-25;31;31/1/2025;Hábil;Viernes;2279.5;19493.5;26.1;473.2;1290.0
feb-25;1;1/2/2025;No Hábil;Sábado;2021.5;18425.3;27.2;428.1;1081.4
feb-25;2;2/2/2025;No Hábil;Domingo;1790.7;18516.6;28.5;381.6;899.1
feb-25;3;3/2/2025;Hábil;Lunes;2069.8;21757.6;30.4;442.2;1119.6
feb-25;4;4/2/2025;Hábil;Martes;2150.1;20498.9;26.5;448.2;1195.1
feb-25;5;5/2/2025;Hábil;Miércoles;2167.4;18683.3;22.8;446.4;1212.4
feb-25;6;6/2/2025;Hábil;Jueves;2283.8;18570.6;23.9;461.0;1306.6
feb-25;7;7/2/2025;Hábil;Viernes;2309.0;19745.6;26.4;463.5;1325.8
feb-25;8;8/2/2025;No Hábil;Sábado;2068.2;19809.8;27.5;425.8;1121.1
feb-25;9;9/2/2025;No Hábil;Domingo;1847.2;18170.2;24.3;371.3;960.4
feb-25;10;10/2/2025;Hábil;Lunes;2211.6;22414.3;29.3;446.9;1176.9
feb-25;11;11/2/2025;Hábil;Martes;2221.6;19522.7;22.3;441.0;1187.8
feb-25;12;12/2/2025;Hábil;Miércoles;2282.3;17326.8;22.6;445.7;1243.5
feb-25;13;13/2/2025;Hábil;Jueves;2263.8;17142.9;24.2;440.0;1234.9
feb-25;14;14/2/2025;Hábil;Viernes;2193.7;17544.5;22.8;448.1;1176.3
feb-25;15;15/2/2025;No Hábil;Sábado;2048.9;16037.2;23.7;407.6;1126.0
feb-25;16;16/2/2025;No Hábil;Domingo;1874.7;15607.9;24.9;364.6;1001.4
feb-25;17;17/2/2025;Hábil;Lunes;2071.2;17040.3;24.0;431.7;1127.6
feb-25;18;18/2/2025;Hábil;Martes;2113.9;14571.4;17.6;431.4;1170.6
feb-25;19;19/2/2025;Hábil;Miércoles;2152.2;16092.6;22.1;452.8;1176.1
feb-25;20;20/2/2025;Hábil;Jueves;2216.7;18510.7;26.3;467.0;1233.6
feb-25;21;21/2/2025;Hábil;Viernes;2212.2;21490.8;28.6;477.2;1217.6
feb-25;22;22/2/2025;No Hábil;Sábado;2101.4;20046.4;25.8;429.2;1145.5
feb-25;23;23/2/2025;No Hábil;Domingo;1974.9;19264.5;27.2;386.3;1062.9
feb-25;24;24/2/2025;Hábil;Lunes;2093.6;19876.8;24.1;447.5;1119.1
feb-25;25;25/2/2025;Hábil;Martes;2228.6;18431.9;24.3;459.7;1239.4
feb-25;26;26/2/2025;Hábil;Miércoles;2203.0;17959.5;23.7;459.4;1218.9
feb-25;27;27/2/2025;Hábil;Jueves;2187.2;17525.7;25.1;467.1;1189.0
feb-25;28;28/2/2025;Hábil;Viernes;2181.9;18244.5;25.4;464.0;1187.9
mar-25;1;1/3/2025;No Hábil;Sábado;2044.6;16276.3;24.6;421.1;1094.9
mar-25;2;2/3/2025;No Hábil;Domingo;1875.9;14603.1;22.8;363.1;984.4
mar-25;3;3/3/2025;No Hábil;Lunes;1831.9;15045.9;23.0;365.4;938.6
mar-25;4;4/3/2025;No Hábil;Martes;1862.8;16172.7;24.4;384.6;937.2
mar-25;5;5/3/2025;Hábil;Miércoles;2026.7;20616.1;29.1;439.1;1048.5
mar-25;6;6/3/2025;Hábil;Jueves;2181.6;22115.4;29.4;481.8;1163.3
mar-25;7;7/3/2025;Hábil;Viernes;2176.7;22019.0;29.4;490.9;1144.9
mar-25;8;8/3/2025;No Hábil;Sábado;1992.7;14538.7;19.4;403.8;1056.1
mar-25;9;9/3/2025;No Hábil;Domingo;1824.7;11695.8;17.2;358.6;928.0
mar-25;10;10/3/2025;Hábil;Lunes;2018.1;13222.1;19.0;413.2;1063.7
mar-25;11;11/3/2025;Hábil;Martes;2142.3;13829.7;18.7;443.3;1098.1
mar-25;12;12/3/2025;Hábil;Miércoles;2099.3;13363.1;17.7;446.3;1105.8
mar-25;13;13/3/2025;Hábil;Jueves;2084.0;12920.7;16.5;404.4;1134.6
mar-25;14;14/3/2025;Hábil;Viernes;2128.9;12901.2;17.6;445.2;1145.2
mar-25;15;15/3/2025;No Hábil;Sábado;2031.0;12069.9;19.8;408.6;1089.3
mar-25;16;16/3/2025;No Hábil;Domingo;1894.5;11699.7;21.0;368.8;998.1
mar-25;17;17/3/2025;Hábil;Lunes;2106.5;14195.6;23.0;441.8;1131.0
mar-25;18;18/3/2025;Hábil;Martes;2188.3;15635.8;23.7;469.4;1182.7
mar-25;19;19/3/2025;Hábil;Miércoles;2230.4;16612.8;24.6;473.0;1215.2
mar-25;20;20/3/2025;Hábil;Jueves;2223.9;17169.6;25.2;479.6;1199.1
mar-25;21;21/3/2025;Hábil;Viernes;2209.9;17097.5;25.6;473.2;1195.7
mar-25;22;22/3/2025;No Hábil;Sábado;2029.0;14729.1;24.0;417.0;1085.6
mar-25;23;23/3/2025;No Hábil;Domingo;1866.1;12255.6;20.6;360.1;977.3
mar-25;24;24/3/2025;No Hábil;Lunes;1812.9;12248.8;20.9;371.1;917.4
mar-25;25;25/3/2025;Hábil;Martes;2019.5;13323.4;19.9;428.3;1064.9
mar-25;26;26/3/2025;Hábil;Miércoles;2149.9;13928.3;21.2;447.7;1183.4
